p,timestamp,y,yhat,yhat_smooth,yhat_threshold,p_threshold,hmm_pred
0.5,2015-03-01 15:54:28,None,3_2_stairs,3_2_stairs,1_entrance,0.2,1_entrance
0.5,2015-03-01 15:54:29,None,3_2_stairs,3_2_stairs,1_entrance,0.2,1_lobby_aud
0.5,2015-03-01 15:54:30,None,3_2_stairs,3_2_stairs,1_entrance,0.2,2_1_stairs
0.5,2015-03-01 15:54:31,None,3_2_stairs,3_2_stairs,1_entrance,0.2,3_2_stairs
0.8,2015-03-01 15:54:32,None,3_2_stairs,3_2_stairs,3_2_stairs,0.8,3_2_stairs
0.8,2015-03-01 15:54:33,None,3_2_stairs,3_2_stairs,3_2_stairs,0.8,3_2_stairs
0.8,2015-03-01 15:54:34,None,3_2_stairs,3_2_stairs,3_2_stairs,0.8,3_2_stairs
0.8,2015-03-01 15:54:35,None,3_2_stairs,3_2_stairs,3_2_stairs,0.8,3_2_stairs
0.5,2015-03-01 15:54:36,None,2_1_stairs,2_hist_new,3_2_stairs,0.2,3_2_stairs
0.5,2015-03-01 15:54:37,None,2_1_stairs,2_hist_new,3_2_stairs,0.2,3_2_stairs
0.6,2015-03-01 15:54:38,None,3_2_stairs,2_lobby,3_2_stairs,0.2,3_2_stairs
0.6,2015-03-01 15:54:39,None,3_2_stairs,2_lobby,3_2_stairs,0.2,3_2_stairs
0.6,2015-03-01 15:54:40,None,3_2_stairs,2_lobby,3_2_stairs,0.2,3_2_stairs
0.6,2015-03-01 15:54:41,None,3_2_stairs,2_hist_old,3_2_stairs,0.2,3_2_stairs
0.6,2015-03-01 15:54:42,None,3_2_stairs,2_hist_old,3_2_stairs,0.2,3_2_stairs
0.6,2015-03-01 15:54:43,None,3_2_stairs,2_hist_old,3_2_stairs,0.2,3_2_stairs
0.6,2015-03-01 15:54:44,None,3_2_stairs,2_hist_old,3_2_stairs,0.2,3_2_stairs
0.6,2015-03-01 15:54:45,None,3_2_stairs,2_hist_old,3_2_stairs,0.2,3_2_stairs
0.6,2015-03-01 15:54:46,None,3_2_stairs,2_hist_old,3_2_stairs,0.2,3_2_stairs
0.5,2015-03-01 15:54:47,None,2_1_stairs,2_hist_old,3_2_stairs,0.2,3_2_stairs
0.6,2015-03-01 15:54:49,None,3_2_stairs,2_hist_old,3_2_stairs,0.2,3_2_stairs
0.5,2015-03-01 15:54:49,None,2_1_stairs,2_hist_old,3_2_stairs,0.2,3_2_stairs
0.6,2015-03-01 15:54:50,None,3_2_stairs,2_hist_old,3_2_stairs,0.2,3_2_stairs
0.6,2015-03-01 15:54:51,None,3_2_stairs,2_hist_old,3_2_stairs,0.2,3_2_stairs
0.5,2015-03-01 15:54:52,None,2_1_stairs,2_hist_old,3_2_stairs,0.2,3_2_stairs
0.7,2015-03-01 15:54:53,None,2_gal_south,2_hist_old,2_gal_south,0.7,3_2_stairs
0.7,2015-03-01 15:54:54,None,2_gal_south,2_hist_old,2_gal_south,0.7,3_2_stairs
0.8,2015-03-01 15:54:55,None,2_gal_south,2_hist_old,2_gal_south,0.8,3_2_stairs
0.8,2015-03-01 15:54:56,None,2_gal_south,2_hist_old,2_gal_south,0.8,3_2_stairs
0.6,2015-03-01 15:54:57,None,2_gal_south,2_hist_old,2_gal_south,0.2,3_2_stairs
0.7,2015-03-01 15:54:58,None,2_gal_south,2_hist_old,2_gal_south,0.7,3_2_stairs
0.7,2015-03-01 15:54:59,None,2_gal_south,2_hist_old,2_gal_south,0.7,3_2_stairs
0.5,2015-03-01 15:55:00,None,2_gal_north,2_hist_old,2_gal_south,0.2,3_2_stairs
0.5,2015-03-01 15:55:01,None,2_gal_north,2_hist_old,2_gal_south,0.2,3_2_stairs
0.4,2015-03-01 15:55:02,None,2_gal_north,2_hist_old,2_gal_south,0.2,3_2_stairs
0.5,2015-03-01 15:55:03,None,2_gal_south,2_hist_old,2_gal_south,0.2,3_2_stairs
0.5,2015-03-01 15:55:04,None,2_gal_north,2_hist_old,2_gal_south,0.2,3_2_stairs
0.5,2015-03-01 15:55:05,None,2_gal_north,3_gal,2_gal_south,0.2,3_2_stairs
0.4,2015-03-01 15:55:06,None,2_gal_south,2_hist_old,2_gal_south,0.2,3_2_stairs
0.5,2015-03-01 15:55:07,None,3_2_stairs,2_hist_old,2_gal_south,0.2,3_2_stairs
0.9,2015-03-01 15:55:08,None,2_gal_south,2_hist_old,2_gal_south,0.9,3_2_stairs
0.9,2015-03-01 15:55:09,None,2_gal_south,2_hist_old,2_gal_south,0.9,3_2_stairs
1.0,2015-03-01 15:55:11,None,2_gal_north,2_hist_old,2_gal_north,1.0,3_2_stairs
0.9,2015-03-01 15:55:11,None,2_gal_north,2_hist_old,2_gal_north,0.9,3_2_stairs
0.8,2015-03-01 15:55:12,None,3_2_stairs,2_hist_old,3_2_stairs,0.8,3_2_stairs
0.8,2015-03-01 15:55:13,None,3_2_stairs,2_hist_old,3_2_stairs,0.8,3_2_stairs
0.8,2015-03-01 15:55:14,None,3_2_stairs,2_hist_old,3_2_stairs,0.8,3_2_stairs
0.8,2015-03-01 15:55:15,None,3_2_stairs,2_hist_old,3_2_stairs,0.8,3_2_stairs
0.8,2015-03-01 15:55:16,None,3_2_stairs,2_hist_old,3_2_stairs,0.8,3_2_stairs
0.8,2015-03-01 15:55:17,None,3_2_stairs,2_hist_old,3_2_stairs,0.8,3_2_stairs
0.8,2015-03-01 15:55:18,None,3_2_stairs,2_hist_old,3_2_stairs,0.8,3_2_stairs
0.8,2015-03-01 15:55:19,None,3_2_stairs,2_hist_old,3_2_stairs,0.8,3_2_stairs
0.9,2015-03-01 15:55:20,None,3_2_stairs,2_hist_old,3_2_stairs,0.9,3_2_stairs
0.8,2015-03-01 15:55:21,None,3_2_stairs,2_lobby,3_2_stairs,0.8,3_2_stairs
0.8,2015-03-01 15:55:22,None,3_2_stairs,2_hist_old,3_2_stairs,0.8,3_2_stairs
0.6,2015-03-01 15:55:23,None,3_2_stairs,2_lobby,3_2_stairs,0.2,3_2_stairs
0.6,2015-03-01 15:55:24,None,3_2_stairs,2_lobby,3_2_stairs,0.2,3_2_stairs
0.7,2015-03-01 15:55:25,None,3_2_stairs,2_hist_old,3_2_stairs,0.7,3_2_stairs
0.8,2015-03-01 15:55:26,None,2_hist_new,2_hist_old,2_hist_new,0.8,3_2_stairs
0.8,2015-03-01 15:55:27,None,2_hist_new,2_hist_old,2_hist_new,0.8,3_2_stairs
0.6,2015-03-01 15:55:28,None,2_lobby,2_hist_old,2_lobby,0.2,2_lobby
0.6,2015-03-01 15:55:29,None,2_lobby,2_hist_old,2_lobby,0.2,2_lobby
0.6,2015-03-01 15:55:30,None,2_lobby,2_hist_old,2_lobby,0.2,2_lobby
0.5,2015-03-01 15:55:31,None,2_hist_old,2_hist_old,2_lobby,0.2,2_hist_old
0.5,2015-03-01 15:55:32,None,2_hist_old,2_hist_old,2_lobby,0.2,2_hist_old
0.5,2015-03-01 15:55:33,None,2_hist_old,2_hist_old,2_lobby,0.2,2_hist_old
0.5,2015-03-01 15:55:34,None,2_hist_old,3_gal,2_lobby,0.2,2_hist_old
0.5,2015-03-01 15:55:35,None,2_hist_old,2_hist_old,2_lobby,0.2,2_hist_old
0.5,2015-03-01 15:55:36,None,2_hist_old,2_hist_old,2_lobby,0.2,2_hist_old
0.5,2015-03-01 15:55:37,None,2_hist_old,2_hist_old,2_lobby,0.2,2_hist_old
0.8,2015-03-01 15:55:38,None,2_hist_old,2_hist_old,2_hist_old,0.8,2_hist_old
0.8,2015-03-01 15:55:39,None,2_hist_old,2_hist_old,2_hist_old,0.8,2_hist_old
1.0,2015-03-01 15:55:40,None,2_hist_old,2_hist_old,2_hist_old,1.0,2_hist_old
1.0,2015-03-01 15:55:41,None,2_hist_old,2_hist_old,2_hist_old,1.0,2_hist_old
0.8,2015-03-01 15:55:42,None,2_hist_old,2_hist_old,2_hist_old,0.8,2_hist_old
0.6,2015-03-01 15:55:43,None,2_hist_old,2_hist_old,2_hist_old,0.2,2_hist_old
1.0,2015-03-01 15:55:44,None,2_hist_old,2_hist_old,2_hist_old,1.0,2_hist_old
1.0,2015-03-01 15:55:45,None,2_hist_old,2_hist_old,2_hist_old,1.0,2_hist_old
1.0,2015-03-01 15:55:46,None,2_hist_old,2_hist_old,2_hist_old,1.0,2_hist_old
1.0,2015-03-01 15:55:47,None,2_hist_old,2_hist_old,2_hist_old,1.0,2_hist_old
1.0,2015-03-01 15:55:48,None,2_hist_old,2_hist_old,2_hist_old,1.0,2_hist_old
1.0,2015-03-01 15:55:49,None,2_hist_old,2_hist_old,2_hist_old,1.0,2_hist_old
0.8,2015-03-01 15:55:50,None,2_hist_old,2_hist_old,2_hist_old,0.8,2_hist_old
0.5,2015-03-01 15:55:51,None,2_hist_old,2_hist_old,2_hist_old,0.2,2_hist_old
0.5,2015-03-01 15:55:52,None,2_hist_old,2_hist_old,2_hist_old,0.2,2_hist_old
0.5,2015-03-01 15:55:53,None,2_hist_old,2_hist_old,2_hist_old,0.2,2_hist_old
1.0,2015-03-01 15:55:54,None,2_hist_old,2_hist_old,2_hist_old,1.0,2_hist_old
0.6,2015-03-01 15:55:55,None,3_gal,2_hist_old,3_gal,0.2,2_hist_old
1.0,2015-03-01 15:55:56,None,2_hist_old,2_hist_old,2_hist_old,1.0,2_hist_old
1.0,2015-03-01 15:55:57,None,2_hist_old,2_hist_old,2_hist_old,1.0,2_hist_old
1.0,2015-03-01 15:55:58,None,2_hist_old,2_hist_old,2_hist_old,1.0,2_hist_old
1.0,2015-03-01 15:55:59,None,2_hist_old,2_hist_old,2_hist_old,1.0,2_hist_old
1.0,2015-03-01 15:56:00,None,2_hist_old,2_hist_old,2_hist_old,1.0,2_hist_old
1.0,2015-03-01 15:56:01,None,2_hist_old,2_hist_old,2_hist_old,1.0,2_hist_old
0.6,2015-03-01 15:56:02,None,2_hist_old,2_hist_old,2_hist_old,0.2,2_hist_old
0.6,2015-03-01 15:56:03,None,2_hist_old,2_hist_old,2_hist_old,0.2,2_hist_old
0.9,2015-03-01 15:56:04,None,2_hist_old,2_hist_old,2_hist_old,0.9,2_hist_old
1.0,2015-03-01 15:56:05,None,2_hist_old,2_hist_old,2_hist_old,1.0,2_hist_old
0.9,2015-03-01 15:56:06,None,2_hist_old,2_hist_old,2_hist_old,0.9,2_hist_old
1.0,2015-03-01 15:56:07,None,2_hist_old,2_hist_old,2_hist_old,1.0,2_hist_old
0.5,2015-03-01 15:56:08,None,2_hist_old,2_hist_old,2_hist_old,0.2,2_hist_old
0.5,2015-03-01 15:56:09,None,2_hist_old,2_hist_old,2_hist_old,0.2,2_hist_old
0.5,2015-03-01 15:56:10,None,2_hist_old,2_hist_old,2_hist_old,0.2,2_hist_old
0.5,2015-03-01 15:56:11,None,2_lobby,2_hist_old,2_hist_old,0.2,2_hist_old
0.5,2015-03-01 15:56:12,None,2_hist_old,2_hist_old,2_hist_old,0.2,2_hist_old
0.5,2015-03-01 15:56:13,None,2_lobby,2_hist_old,2_hist_old,0.2,2_hist_old
0.5,2015-03-01 15:56:14,None,2_lobby,2_hist_old,2_hist_old,0.2,2_hist_old
0.5,2015-03-01 15:56:15,None,2_hist_old,2_hist_old,2_hist_old,0.2,2_hist_old
0.5,2015-03-01 15:56:16,None,2_hist_old,2_hist_old,2_hist_old,0.2,2_hist_old
0.5,2015-03-01 15:56:17,None,2_hist_old,2_hist_old,2_hist_old,0.2,2_hist_old
0.5,2015-03-01 15:56:18,None,2_hist_old,2_hist_old,2_hist_old,0.2,2_hist_old
0.5,2015-03-01 15:56:19,None,2_hist_old,2_hist_old,2_hist_old,0.2,2_hist_old
0.5,2015-03-01 15:56:20,None,2_hist_old,2_hist_old,2_hist_old,0.2,2_hist_old
0.5,2015-03-01 15:56:21,None,2_hist_old,2_hist_old,2_hist_old,0.2,2_hist_old
1.0,2015-03-01 15:56:22,None,2_hist_old,3_gal,2_hist_old,1.0,2_hist_old
1.0,2015-03-01 15:56:23,None,2_hist_old,2_hist_old,2_hist_old,1.0,2_hist_old
0.8,2015-03-01 15:56:24,None,3_gal,2_hist_old,3_gal,0.8,2_hist_old
1.0,2015-03-01 15:56:25,None,2_hist_old,2_hist_old,2_hist_old,1.0,2_hist_old
1.0,2015-03-01 15:56:26,None,2_hist_old,2_hist_new,2_hist_old,1.0,2_hist_old
1.0,2015-03-01 15:56:27,None,2_hist_old,2_hist_new,2_hist_old,1.0,2_hist_old
1.0,2015-03-01 15:56:28,None,2_hist_old,2_hist_old,2_hist_old,1.0,2_hist_old
1.0,2015-03-01 15:56:29,None,2_hist_old,2_hist_old,2_hist_old,1.0,2_hist_old
0.6,2015-03-01 15:56:30,None,2_hist_old,2_hist_old,2_hist_old,0.2,2_hist_old
0.6,2015-03-01 15:56:31,None,2_hist_old,2_hist_new,2_hist_old,0.2,2_hist_old
0.6,2015-03-01 15:56:32,None,2_hist_old,2_hist_old,2_hist_old,0.2,2_hist_old
0.6,2015-03-01 15:56:33,None,2_hist_old,2_hist_new,2_hist_old,0.2,2_hist_old
0.6,2015-03-01 15:56:34,None,2_hist_old,2_hist_old,2_hist_old,0.2,2_hist_old
0.6,2015-03-01 15:56:35,None,2_hist_old,2_hist_old,2_hist_old,0.2,2_hist_old
0.6,2015-03-01 15:56:36,None,2_hist_old,2_hist_old,2_hist_old,0.2,2_hist_old
0.6,2015-03-01 15:56:37,None,2_hist_old,2_hist_old,2_hist_old,0.2,2_hist_old
1.0,2015-03-01 15:56:38,None,2_hist_old,2_hist_old,2_hist_old,1.0,2_hist_old
1.0,2015-03-01 15:56:39,None,2_hist_old,2_hist_old,2_hist_old,1.0,2_hist_old
1.0,2015-03-01 15:56:40,None,2_hist_old,2_hist_old,2_hist_old,1.0,2_hist_old
1.0,2015-03-01 15:56:41,None,2_hist_old,2_hist_old,2_hist_old,1.0,2_hist_old
1.0,2015-03-01 15:56:42,None,2_hist_old,2_hist_old,2_hist_old,1.0,2_hist_old
1.0,2015-03-01 15:56:43,None,2_hist_old,2_hist_old,2_hist_old,1.0,2_hist_old
1.0,2015-03-01 15:56:44,None,2_hist_old,2_hist_old,2_hist_old,1.0,2_hist_old
1.0,2015-03-01 15:56:45,None,2_hist_old,2_hist_old,2_hist_old,1.0,2_hist_old
1.0,2015-03-01 15:56:46,None,2_hist_old,2_hist_old,2_hist_old,1.0,2_hist_old
1.0,2015-03-01 15:56:47,None,2_hist_old,2_hist_old,2_hist_old,1.0,2_hist_old
1.0,2015-03-01 15:56:48,None,2_hist_old,2_hist_old,2_hist_old,1.0,2_hist_old
1.0,2015-03-01 15:56:49,None,2_hist_old,2_hist_old,2_hist_old,1.0,2_hist_old
1.0,2015-03-01 15:56:50,None,2_hist_old,2_hist_old,2_hist_old,1.0,2_hist_old
1.0,2015-03-01 15:56:51,None,2_hist_old,2_hist_old,2_hist_old,1.0,2_hist_old
1.0,2015-03-01 15:56:52,None,2_hist_old,2_hist_old,2_hist_old,1.0,2_hist_old
0.6,2015-03-01 15:56:53,None,2_hist_old,2_hist_old,2_hist_old,0.2,2_hist_old
1.0,2015-03-01 15:56:54,None,2_hist_old,2_hist_old,2_hist_old,1.0,2_hist_old
0.8,2015-03-01 15:56:55,None,2_hist_old,2_hist_old,2_hist_old,0.8,2_hist_old
1.0,2015-03-01 15:56:56,None,2_hist_old,2_hist_old,2_hist_old,1.0,2_hist_old
1.0,2015-03-01 15:56:57,None,2_hist_old,2_hist_old,2_hist_old,1.0,2_hist_old
1.0,2015-03-01 15:56:58,None,2_hist_old,2_hist_old,2_hist_old,1.0,2_hist_old
1.0,2015-03-01 15:56:59,None,2_hist_old,2_hist_old,2_hist_old,1.0,2_hist_old
0.6,2015-03-01 15:57:00,None,2_hist_old,2_hist_old,2_hist_old,0.2,2_hist_old
0.9,2015-03-01 15:57:01,None,2_hist_old,2_hist_old,2_hist_old,0.9,2_hist_old
0.9,2015-03-01 15:57:02,None,2_hist_old,2_hist_old,2_hist_old,0.9,2_hist_old
0.9,2015-03-01 15:57:03,None,2_hist_old,2_hist_old,2_hist_old,0.9,2_hist_old
0.8,2015-03-01 15:57:04,None,2_hist_old,2_hist_old,2_hist_old,0.8,2_hist_old
0.8,2015-03-01 15:57:05,None,2_hist_old,2_hist_old,2_hist_old,0.8,2_hist_old
1.0,2015-03-01 15:57:06,None,2_hist_old,2_hist_old,2_hist_old,1.0,2_hist_old
1.0,2015-03-01 15:57:07,None,2_hist_old,2_hist_old,2_hist_old,1.0,2_hist_old
0.9,2015-03-01 15:57:08,None,2_hist_old,2_hist_old,2_hist_old,0.9,2_hist_old
0.9,2015-03-01 15:57:09,None,2_hist_old,2_hist_old,2_hist_old,0.9,2_hist_old
1.0,2015-03-01 15:57:10,None,2_hist_old,2_hist_old,2_hist_old,1.0,2_hist_old
0.7,2015-03-01 15:57:11,None,2_hist_old,2_hist_old,2_hist_old,0.7,2_hist_old
0.5,2015-03-01 15:57:12,None,3_gal,2_hist_old,2_hist_old,0.2,2_hist_old
0.9,2015-03-01 15:57:13,None,2_hist_old,2_hist_old,2_hist_old,0.9,2_hist_old
0.9,2015-03-01 15:57:14,None,2_hist_old,2_hist_old,2_hist_old,0.9,2_hist_old
0.9,2015-03-01 15:57:15,None,2_hist_old,2_hist_old,2_hist_old,0.9,2_hist_old
0.7,2015-03-01 15:57:16,None,2_hist_new,2_hist_old,2_hist_new,0.7,2_hist_old
0.7,2015-03-01 15:57:17,None,2_hist_new,2_hist_old,2_hist_new,0.7,2_hist_old
0.6,2015-03-01 15:57:18,None,2_hist_old,2_hist_old,2_hist_old,0.2,2_hist_old
0.6,2015-03-01 15:57:19,None,2_hist_old,2_hist_old,2_hist_old,0.2,2_hist_old
0.6,2015-03-01 15:57:20,None,2_hist_old,2_hist_old,2_hist_old,0.2,2_hist_old
0.7,2015-03-01 15:57:21,None,2_hist_new,2_hist_old,2_hist_new,0.7,2_hist_old
0.6,2015-03-01 15:57:22,None,2_hist_old,2_hist_old,2_hist_old,0.2,2_hist_old
0.6,2015-03-01 15:57:23,None,2_hist_new,2_hist_old,2_hist_new,0.2,2_hist_old
0.6,2015-03-01 15:57:24,None,2_hist_old,2_hist_old,2_hist_old,0.2,2_hist_old
0.7,2015-03-01 15:57:25,None,2_hist_old,2_hist_old,2_hist_old,0.7,2_hist_old
0.6,2015-03-01 15:57:26,None,2_hist_old,2_hist_old,2_hist_old,0.2,2_hist_old
0.6,2015-03-01 15:57:27,None,2_hist_old,2_hist_old,2_hist_old,0.2,2_hist_old
0.6,2015-03-01 15:57:28,None,2_hist_old,2_hist_old,2_hist_old,0.2,2_hist_old
0.6,2015-03-01 15:57:29,None,2_hist_old,2_hist_old,2_hist_old,0.2,2_hist_old
0.6,2015-03-01 15:57:30,None,2_hist_old,2_hist_old,2_hist_old,0.2,2_hist_old
0.6,2015-03-01 15:57:31,None,2_hist_old,2_hist_old,2_hist_old,0.2,2_hist_old
0.6,2015-03-01 15:57:32,None,2_hist_old,2_hist_old,2_hist_old,0.2,2_hist_old
0.6,2015-03-01 15:57:33,None,2_hist_old,2_hist_old,2_hist_old,0.2,2_hist_old
0.6,2015-03-01 15:57:34,None,2_hist_old,2_hist_old,2_hist_old,0.2,2_hist_old
0.6,2015-03-01 15:57:35,None,2_hist_old,2_hist_old,2_hist_old,0.2,2_hist_old
1.0,2015-03-01 15:57:36,None,2_hist_old,2_hist_old,2_hist_old,1.0,2_hist_old
1.0,2015-03-01 15:57:37,None,2_hist_old,2_hist_old,2_hist_old,1.0,2_hist_old
1.0,2015-03-01 15:57:38,None,2_hist_old,2_hist_old,2_hist_old,1.0,2_hist_old
1.0,2015-03-01 15:57:39,None,2_hist_old,2_hist_old,2_hist_old,1.0,2_hist_old
1.0,2015-03-01 15:57:40,None,2_hist_old,2_hist_old,2_hist_old,1.0,2_hist_old
1.0,2015-03-01 15:57:41,None,2_hist_old,2_hist_old,2_hist_old,1.0,2_hist_old
1.0,2015-03-01 15:57:42,None,2_hist_old,2_hist_old,2_hist_old,1.0,2_hist_old
1.0,2015-03-01 15:57:43,None,2_hist_old,2_hist_old,2_hist_old,1.0,2_hist_old
1.0,2015-03-01 15:57:44,None,2_hist_old,2_hist_old,2_hist_old,1.0,2_hist_old
1.0,2015-03-01 15:57:45,None,2_hist_old,2_hist_old,2_hist_old,1.0,2_hist_old
1.0,2015-03-01 15:57:46,None,2_hist_old,2_hist_old,2_hist_old,1.0,2_hist_old
1.0,2015-03-01 15:57:47,None,2_hist_old,2_hist_old,2_hist_old,1.0,2_hist_old
1.0,2015-03-01 15:57:48,None,2_hist_old,2_hist_old,2_hist_old,1.0,2_hist_old
1.0,2015-03-01 15:57:49,None,2_hist_old,2_hist_old,2_hist_old,1.0,2_hist_old
0.6,2015-03-01 15:57:50,None,2_hist_old,2_hist_old,2_hist_old,0.2,2_hist_old
0.6,2015-03-01 15:57:51,None,2_hist_old,2_hist_old,2_hist_old,0.2,2_hist_old
0.6,2015-03-01 15:57:52,None,2_hist_old,2_hist_old,2_hist_old,0.2,2_hist_old
0.6,2015-03-01 15:57:53,None,2_hist_old,2_hist_old,2_hist_old,0.2,2_hist_old
0.6,2015-03-01 15:57:54,None,2_hist_old,2_hist_old,2_hist_old,0.2,2_hist_old
0.6,2015-03-01 15:57:55,None,2_hist_old,2_hist_old,2_hist_old,0.2,2_hist_old
0.6,2015-03-01 15:57:56,None,2_hist_old,2_hist_old,2_hist_old,0.2,2_hist_old
0.6,2015-03-01 15:57:57,None,2_hist_old,2_hist_old,2_hist_old,0.2,2_hist_old
0.6,2015-03-01 15:57:58,None,2_hist_old,2_hist_old,2_hist_old,0.2,2_hist_old
0.6,2015-03-01 15:57:59,None,2_hist_old,2_hist_old,2_hist_old,0.2,2_hist_old
0.6,2015-03-01 15:58:00,None,2_hist_old,2_hist_old,2_hist_old,0.2,2_hist_old
0.6,2015-03-01 15:58:01,None,2_hist_old,2_hist_old,2_hist_old,0.2,2_hist_old
0.6,2015-03-01 15:58:02,None,2_hist_old,2_hist_old,2_hist_old,0.2,2_hist_old
0.6,2015-03-01 15:58:03,None,2_hist_old,2_hist_old,2_hist_old,0.2,2_hist_old
0.6,2015-03-01 15:58:04,None,2_hist_old,2_hist_old,2_hist_old,0.2,2_hist_old
0.6,2015-03-01 15:58:05,None,2_hist_old,2_hist_old,2_hist_old,0.2,2_hist_old
0.6,2015-03-01 15:58:06,None,2_hist_old,2_hist_old,2_hist_old,0.2,2_hist_old
0.6,2015-03-01 15:58:07,None,2_hist_old,2_hist_old,2_hist_old,0.2,2_hist_old
1.0,2015-03-01 15:58:08,None,2_hist_old,2_hist_old,2_hist_old,1.0,2_hist_old
1.0,2015-03-01 15:58:09,None,2_hist_old,2_hist_old,2_hist_old,1.0,2_hist_old
1.0,2015-03-01 15:58:10,None,2_hist_old,2_hist_old,2_hist_old,1.0,2_hist_old
1.0,2015-03-01 15:58:11,None,2_hist_old,2_hist_old,2_hist_old,1.0,2_hist_old
0.8,2015-03-01 15:58:12,None,2_hist_old,2_hist_old,2_hist_old,0.8,2_hist_old
0.8,2015-03-01 15:58:13,None,2_hist_old,2_hist_old,2_hist_old,0.8,2_hist_old
1.0,2015-03-01 15:58:14,None,2_hist_old,2_hist_old,2_hist_old,1.0,2_hist_old
0.8,2015-03-01 15:58:15,None,2_hist_old,2_hist_old,2_hist_old,0.8,2_hist_old
0.9,2015-03-01 15:58:16,None,2_hist_old,2_hist_old,2_hist_old,0.9,2_hist_old
0.8,2015-03-01 15:58:17,None,2_hist_old,2_hist_old,2_hist_old,0.8,2_hist_old
0.8,2015-03-01 15:58:18,None,2_hist_old,2_hist_old,2_hist_old,0.8,2_hist_old
0.9,2015-03-01 15:58:19,None,2_hist_old,2_hist_old,2_hist_old,0.9,2_hist_old
1.0,2015-03-01 15:58:20,None,2_hist_old,2_hist_old,2_hist_old,1.0,2_hist_old
1.0,2015-03-01 15:58:21,None,2_hist_old,2_hist_old,2_hist_old,1.0,2_hist_old
1.0,2015-03-01 15:58:22,None,2_hist_old,2_hist_old,2_hist_old,1.0,2_hist_old
1.0,2015-03-01 15:58:23,None,2_hist_old,2_hist_old,2_hist_old,1.0,2_hist_old
0.9,2015-03-01 15:58:24,None,2_hist_old,2_hist_old,2_hist_old,0.9,2_hist_old
0.8,2015-03-01 15:58:25,None,2_hist_old,2_hist_old,2_hist_old,0.8,2_hist_old
1.0,2015-03-01 15:58:26,None,2_hist_old,2_hist_old,2_hist_old,1.0,2_hist_old
1.0,2015-03-01 15:58:27,None,2_hist_old,2_hist_old,2_hist_old,1.0,2_hist_old
0.8,2015-03-01 15:58:28,None,2_hist_old,2_hist_old,2_hist_old,0.8,2_hist_old
0.8,2015-03-01 15:58:29,None,2_hist_old,2_hist_old,2_hist_old,0.8,2_hist_old
0.8,2015-03-01 15:58:30,None,2_hist_old,2_hist_new,2_hist_old,0.8,2_hist_old
0.8,2015-03-01 15:58:31,None,2_hist_old,2_hist_new,2_hist_old,0.8,2_hist_old
0.8,2015-03-01 15:58:32,None,2_hist_old,2_hist_new,2_hist_old,0.8,2_hist_old
0.8,2015-03-01 15:58:33,None,2_hist_old,2_hist_new,2_hist_old,0.8,2_hist_old
0.8,2015-03-01 15:58:34,None,2_hist_old,2_hist_new,2_hist_old,0.8,2_hist_old
0.8,2015-03-01 15:58:35,None,2_hist_old,2_hist_new,2_hist_old,0.8,2_hist_old
0.8,2015-03-01 15:58:36,None,2_hist_old,2_hist_new,2_hist_old,0.8,2_hist_old
0.8,2015-03-01 15:58:37,None,2_hist_old,2_hist_new,2_hist_old,0.8,2_hist_old
0.8,2015-03-01 15:58:38,None,2_hist_old,2_hist_new,2_hist_old,0.8,2_hist_old
0.8,2015-03-01 15:58:39,None,2_hist_old,2_hist_new,2_hist_old,0.8,2_hist_old
0.8,2015-03-01 15:58:40,None,2_hist_old,2_hist_new,2_hist_old,0.8,2_hist_old
0.8,2015-03-01 15:58:41,None,2_hist_old,2_hist_new,2_hist_old,0.8,2_hist_old
0.8,2015-03-01 15:58:42,None,2_hist_old,2_hist_old,2_hist_old,0.8,2_hist_old
0.8,2015-03-01 15:58:43,None,2_hist_old,2_hist_old,2_hist_old,0.8,2_hist_old
0.8,2015-03-01 15:58:44,None,2_hist_old,2_hist_old,2_hist_old,0.8,2_hist_old
0.8,2015-03-01 15:58:45,None,2_hist_old,2_hist_old,2_hist_old,0.8,2_hist_old
1.0,2015-03-01 15:58:46,None,2_hist_old,2_hist_old,2_hist_old,1.0,2_hist_old
0.9,2015-03-01 15:58:47,None,2_hist_old,2_hist_old,2_hist_old,0.9,2_hist_old
0.8,2015-03-01 15:58:48,None,2_hist_old,2_hist_old,2_hist_old,0.8,2_hist_old
0.8,2015-03-01 15:58:49,None,2_hist_old,2_hist_old,2_hist_old,0.8,2_hist_old
0.8,2015-03-01 15:58:50,None,2_hist_old,2_hist_old,2_hist_old,0.8,2_hist_old
0.8,2015-03-01 15:58:51,None,2_hist_old,2_hist_old,2_hist_old,0.8,2_hist_old
0.8,2015-03-01 15:58:52,None,2_hist_old,2_hist_old,2_hist_old,0.8,2_hist_old
0.8,2015-03-01 15:58:53,None,2_hist_old,2_hist_old,2_hist_old,0.8,2_hist_old
0.6,2015-03-01 15:58:54,None,2_hist_old,2_hist_old,2_hist_old,0.2,2_hist_old
0.6,2015-03-01 15:58:55,None,2_hist_old,2_hist_old,2_hist_old,0.2,2_hist_old
0.6,2015-03-01 15:58:56,None,2_hist_old,2_hist_old,2_hist_old,0.2,2_hist_old
0.6,2015-03-01 15:58:57,None,2_hist_old,2_hist_old,2_hist_old,0.2,2_hist_old
0.8,2015-03-01 15:58:58,None,2_hist_old,2_hist_old,2_hist_old,0.8,2_hist_old
0.8,2015-03-01 15:58:59,None,2_hist_old,2_hist_old,2_hist_old,0.8,2_hist_old
0.8,2015-03-01 15:59:00,None,2_hist_old,2_hist_old,2_hist_old,0.8,2_hist_old
0.8,2015-03-01 15:59:01,None,2_hist_old,2_hist_old,2_hist_old,0.8,2_hist_old
0.8,2015-03-01 15:59:02,None,2_hist_old,2_hist_new,2_hist_old,0.8,2_hist_old
0.8,2015-03-01 15:59:03,None,2_hist_old,2_hist_new,2_hist_old,0.8,2_hist_old
0.8,2015-03-01 15:59:04,None,2_hist_old,2_hist_new,2_hist_old,0.8,2_hist_old
0.8,2015-03-01 15:59:05,None,2_hist_old,2_hist_new,2_hist_old,0.8,2_hist_old
0.8,2015-03-01 15:59:06,None,2_hist_old,2_hist_new,2_hist_old,0.8,2_hist_old
0.8,2015-03-01 15:59:07,None,2_hist_old,2_hist_new,2_hist_old,0.8,2_hist_old
0.8,2015-03-01 15:59:08,None,2_hist_old,2_hist_new,2_hist_old,0.8,2_hist_old
0.8,2015-03-01 15:59:09,None,2_hist_old,2_hist_new,2_hist_old,0.8,2_hist_old
0.9,2015-03-01 15:59:10,None,2_hist_old,2_hist_new,2_hist_old,0.9,2_hist_old
1.0,2015-03-01 15:59:11,None,2_hist_old,3_2_stairs,2_hist_old,1.0,2_hist_old
0.8,2015-03-01 15:59:12,None,2_hist_old,3_2_stairs,2_hist_old,0.8,2_hist_old
0.8,2015-03-01 15:59:13,None,2_hist_old,2_hist_old,2_hist_old,0.8,2_hist_old
0.8,2015-03-01 15:59:14,None,2_hist_old,3_2_stairs,2_hist_old,0.8,2_hist_old
0.8,2015-03-01 15:59:15,None,2_hist_old,3_2_stairs,2_hist_old,0.8,2_hist_old
0.8,2015-03-01 15:59:16,None,2_hist_old,3_2_stairs,2_hist_old,0.8,2_hist_old
0.8,2015-03-01 15:59:17,None,2_hist_old,3_2_stairs,2_hist_old,0.8,2_hist_old
0.8,2015-03-01 15:59:18,None,2_hist_old,3_2_stairs,2_hist_old,0.8,2_hist_old
0.8,2015-03-01 15:59:19,None,2_hist_old,3_2_stairs,2_hist_old,0.8,2_hist_old
1.0,2015-03-01 15:59:20,None,2_hist_new,3_2_stairs,2_hist_new,1.0,2_hist_old
1.0,2015-03-01 15:59:21,None,2_hist_new,3_2_stairs,2_hist_new,1.0,2_hist_old
1.0,2015-03-01 15:59:22,None,2_hist_new,3_2_stairs,2_hist_new,1.0,2_hist_old
0.8,2015-03-01 15:59:23,None,2_hist_new,3_2_stairs,2_hist_new,0.8,2_hist_old
1.0,2015-03-01 15:59:24,None,2_hist_new,3_2_stairs,2_hist_new,1.0,2_hist_old
1.0,2015-03-01 15:59:25,None,2_hist_new,3_2_stairs,2_hist_new,1.0,2_hist_old
1.0,2015-03-01 15:59:26,None,2_hist_new,3_2_stairs,2_hist_new,1.0,2_hist_old
1.0,2015-03-01 15:59:27,None,2_hist_new,3_2_stairs,2_hist_new,1.0,2_hist_old
1.0,2015-03-01 15:59:28,None,2_hist_new,3_2_stairs,2_hist_new,1.0,2_hist_old
1.0,2015-03-01 15:59:29,None,2_hist_new,3_2_stairs,2_hist_new,1.0,2_hist_old
1.0,2015-03-01 15:59:30,None,2_hist_new,3_2_stairs,2_hist_new,1.0,2_hist_old
1.0,2015-03-01 15:59:31,None,2_hist_new,3_2_stairs,2_hist_new,1.0,2_hist_old
0.8,2015-03-01 15:59:32,None,2_hist_old,3_2_stairs,2_hist_old,0.8,2_hist_old
0.8,2015-03-01 15:59:33,None,2_hist_old,3_2_stairs,2_hist_old,0.8,2_hist_old
0.7,2015-03-01 15:59:34,None,2_hist_old,3_2_stairs,2_hist_old,0.7,2_hist_old
1.0,2015-03-01 15:59:35,None,2_hist_old,3_2_stairs,2_hist_old,1.0,2_hist_old
1.0,2015-03-01 15:59:36,None,2_hist_old,2_gal_north,2_hist_old,1.0,2_hist_old
1.0,2015-03-01 15:59:37,None,2_hist_old,2_gal_north,2_hist_old,1.0,2_hist_old
1.0,2015-03-01 15:59:38,None,2_hist_old,3_2_stairs,2_hist_old,1.0,2_hist_old
1.0,2015-03-01 15:59:39,None,2_hist_old,3_2_stairs,2_hist_old,1.0,2_hist_old
1.0,2015-03-01 15:59:40,None,2_hist_old,3_2_stairs,2_hist_old,1.0,2_hist_old
1.0,2015-03-01 15:59:41,None,2_hist_old,3_2_stairs,2_hist_old,1.0,2_hist_old
0.9,2015-03-01 15:59:42,None,2_hist_old,3_2_stairs,2_hist_old,0.9,2_hist_old
0.9,2015-03-01 15:59:43,None,2_hist_old,3_2_stairs,2_hist_old,0.9,2_hist_old
0.9,2015-03-01 15:59:44,None,2_hist_old,3_2_stairs,2_hist_old,0.9,2_hist_old
0.9,2015-03-01 15:59:45,None,2_hist_old,3_2_stairs,2_hist_old,0.9,2_hist_old
0.9,2015-03-01 15:59:46,None,2_hist_old,3_2_stairs,2_hist_old,0.9,2_hist_old
0.9,2015-03-01 15:59:47,None,2_hist_old,3_2_stairs,2_hist_old,0.9,2_hist_old
0.9,2015-03-01 15:59:48,None,2_hist_old,3_2_stairs,2_hist_old,0.9,2_hist_old
0.9,2015-03-01 15:59:49,None,2_hist_old,3_2_stairs,2_hist_old,0.9,2_hist_old
0.9,2015-03-01 15:59:50,None,2_hist_old,3_2_stairs,2_hist_old,0.9,2_hist_old
1.0,2015-03-01 15:59:51,None,2_hist_old,3_2_stairs,2_hist_old,1.0,2_hist_old
1.0,2015-03-01 15:59:52,None,2_hist_new,2_gal_south,2_hist_new,1.0,2_lobby
1.0,2015-03-01 15:59:53,None,2_hist_new,2_gal_south,2_hist_new,1.0,3_2_stairs
0.9,2015-03-01 15:59:54,None,2_hist_new,2_gal_south,2_hist_new,0.9,3_2_stairs
0.9,2015-03-01 15:59:55,None,2_hist_new,2_hist_old,2_hist_new,0.9,3_2_stairs
0.8,2015-03-01 15:59:56,None,2_hist_new,2_hist_old,2_hist_new,0.8,3_2_stairs
0.7,2015-03-01 15:59:57,None,2_hist_new,2_hist_old,2_hist_new,0.7,3_2_stairs
0.9,2015-03-01 15:59:58,None,2_hist_new,2_hist_old,2_hist_new,0.9,3_2_stairs
0.9,2015-03-01 15:59:59,None,2_hist_new,2_hist_old,2_hist_new,0.9,3_2_stairs
0.8,2015-03-01 16:00:00,None,2_hist_new,2_hist_old,2_hist_new,0.8,3_2_stairs
0.6,2015-03-01 16:00:01,None,3_2_stairs,2_hist_old,3_2_stairs,0.2,3_2_stairs
0.5,2015-03-01 16:00:02,None,3_2_stairs,2_hist_old,3_2_stairs,0.2,3_2_stairs
0.5,2015-03-01 16:00:03,None,2_hist_old,2_hist_old,3_2_stairs,0.2,3_2_stairs
0.9,2015-03-01 16:00:04,None,3_2_stairs,2_hist_old,3_2_stairs,0.9,3_2_stairs
0.9,2015-03-01 16:00:05,None,3_2_stairs,2_hist_old,3_2_stairs,0.9,3_2_stairs
1.0,2015-03-01 16:00:06,None,3_2_stairs,2_hist_old,3_2_stairs,1.0,3_2_stairs
1.0,2015-03-01 16:00:07,None,3_2_stairs,2_hist_old,3_2_stairs,1.0,3_2_stairs
1.0,2015-03-01 16:00:08,None,3_2_stairs,2_hist_old,3_2_stairs,1.0,3_2_stairs
0.9,2015-03-01 16:00:09,None,3_2_stairs,2_lobby,3_2_stairs,0.9,3_2_stairs
1.0,2015-03-01 16:00:10,None,3_2_stairs,2_lobby,3_2_stairs,1.0,3_2_stairs
1.0,2015-03-01 16:00:11,None,3_2_stairs,2_lobby,3_2_stairs,1.0,3_2_stairs
1.0,2015-03-01 16:00:12,None,3_2_stairs,2_lobby,3_2_stairs,1.0,3_2_stairs
0.6,2015-03-01 16:00:13,None,3_2_stairs,2_lobby,3_2_stairs,0.2,3_2_stairs
0.9,2015-03-01 16:00:14,None,3_2_stairs,2_hist_old,3_2_stairs,0.9,3_2_stairs
0.8,2015-03-01 16:00:15,None,3_2_stairs,2_lobby,3_2_stairs,0.8,3_2_stairs
1.0,2015-03-01 16:00:16,None,3_2_stairs,3_2_stairs,3_2_stairs,1.0,3_2_stairs
0.9,2015-03-01 16:00:17,None,3_2_stairs,3_2_stairs,3_2_stairs,0.9,3_2_stairs
1.0,2015-03-01 16:00:18,None,3_2_stairs,2_lobby,3_2_stairs,1.0,3_2_stairs
0.7,2015-03-01 16:00:19,None,3_2_stairs,3_2_stairs,3_2_stairs,0.7,3_2_stairs
0.9,2015-03-01 16:00:20,None,3_2_stairs,3_2_stairs,3_2_stairs,0.9,3_2_stairs
0.7,2015-03-01 16:00:21,None,3_2_stairs,1_entrance,3_2_stairs,0.7,3_2_stairs
1.0,2015-03-01 16:00:22,None,3_2_stairs,1_entrance,3_2_stairs,1.0,3_2_stairs
1.0,2015-03-01 16:00:23,None,3_2_stairs,1_entrance,3_2_stairs,1.0,3_2_stairs
1.0,2015-03-01 16:00:24,None,3_2_stairs,3_2_stairs,3_2_stairs,1.0,3_2_stairs
1.0,2015-03-01 16:00:25,None,3_2_stairs,3_2_stairs,3_2_stairs,1.0,3_2_stairs
0.7,2015-03-01 16:00:26,None,2_gal_north,2_lobby,2_gal_north,0.7,3_2_stairs
0.7,2015-03-01 16:00:27,None,2_gal_north,2_hist_old,2_gal_north,0.7,3_2_stairs
0.7,2015-03-01 16:00:28,None,3_2_stairs,2_hist_old,3_2_stairs,0.7,3_2_stairs
0.8,2015-03-01 16:00:29,None,3_2_stairs,2_hist_old,3_2_stairs,0.8,3_2_stairs
0.7,2015-03-01 16:00:30,None,3_2_stairs,2_hist_old,3_2_stairs,0.7,3_2_stairs
0.6,2015-03-01 16:00:31,None,3_2_stairs,2_lobby,3_2_stairs,0.2,3_2_stairs
1.0,2015-03-01 16:00:32,None,3_2_stairs,2_hist_old,3_2_stairs,1.0,3_2_stairs
1.0,2015-03-01 16:00:33,None,3_2_stairs,2_lobby,3_2_stairs,1.0,3_2_stairs
0.8,2015-03-01 16:00:34,None,3_2_stairs,2_lobby,3_2_stairs,0.8,3_2_stairs
0.7,2015-03-01 16:00:35,None,3_2_stairs,2_hist_old,3_2_stairs,0.7,3_2_stairs
0.6,2015-03-01 16:00:36,None,3_2_stairs,2_hist_new,3_2_stairs,0.2,3_2_stairs
0.6,2015-03-01 16:00:37,None,3_2_stairs,2_hist_new,3_2_stairs,0.2,3_2_stairs
0.7,2015-03-01 16:00:38,None,3_2_stairs,2_hist_new,3_2_stairs,0.7,3_2_stairs
0.6,2015-03-01 16:00:39,None,3_2_stairs,2_lobby,3_2_stairs,0.2,3_2_stairs
0.6,2015-03-01 16:00:40,None,3_2_stairs,2_hist_new,3_2_stairs,0.2,3_2_stairs
0.7,2015-03-01 16:00:41,None,3_2_stairs,2_hist_new,3_2_stairs,0.7,3_2_stairs
1.0,2015-03-01 16:00:42,None,2_gal_south,2_lobby,2_gal_south,1.0,3_2_stairs
0.8,2015-03-01 16:00:43,None,2_gal_south,2_lobby,2_gal_south,0.8,3_2_stairs
0.6,2015-03-01 16:00:44,None,2_gal_south,2_hist_old,2_gal_south,0.2,3_2_stairs
0.9,2015-03-01 16:00:45,None,2_hist_old,2_hist_old,2_hist_old,0.9,3_2_stairs
1.0,2015-03-01 16:00:46,None,2_hist_old,2_gal_south,2_hist_old,1.0,3_2_stairs
1.0,2015-03-01 16:00:47,None,2_hist_old,2_gal_south,2_hist_old,1.0,3_2_stairs
1.0,2015-03-01 16:00:48,None,2_hist_old,2_gal_south,2_hist_old,1.0,3_2_stairs
1.0,2015-03-01 16:00:49,None,2_hist_old,2_gal_south,2_hist_old,1.0,3_2_stairs
1.0,2015-03-01 16:00:50,None,2_hist_old,1_entrance,2_hist_old,1.0,3_2_stairs
0.9,2015-03-01 16:00:51,None,2_hist_old,1_entrance,2_hist_old,0.9,3_2_stairs
1.0,2015-03-01 16:00:52,None,2_hist_old,1_entrance,2_hist_old,1.0,3_2_stairs
0.9,2015-03-01 16:00:53,None,2_hist_old,1_entrance,2_hist_old,0.9,3_2_stairs
1.0,2015-03-01 16:00:54,None,2_hist_old,2_1_stairs,2_hist_old,1.0,3_2_stairs
0.9,2015-03-01 16:00:55,None,2_hist_old,3_2_stairs,2_hist_old,0.9,3_2_stairs
0.9,2015-03-01 16:00:56,None,2_hist_old,3_2_stairs,2_hist_old,0.9,3_2_stairs
0.9,2015-03-01 16:00:57,None,2_hist_old,2_gal_north,2_hist_old,0.9,3_2_stairs
1.0,2015-03-01 16:00:58,None,2_hist_old,3_2_stairs,2_hist_old,1.0,3_2_stairs
0.6,2015-03-01 16:00:59,None,2_lobby,2_gal_north,2_lobby,0.2,3_2_stairs
0.6,2015-03-01 16:01:00,None,2_lobby,2_hist_old,2_lobby,0.2,3_2_stairs
0.6,2015-03-01 16:01:01,None,2_lobby,2_hist_old,2_lobby,0.2,3_2_stairs
0.6,2015-03-01 16:01:02,None,2_lobby,2_hist_old,2_lobby,0.2,3_2_stairs
0.8,2015-03-01 16:01:03,None,2_lobby,2_hist_old,2_lobby,0.8,3_2_stairs
0.5,2015-03-01 16:01:04,None,2_hist_old,2_hist_old,2_lobby,0.2,3_2_stairs
0.8,2015-03-01 16:01:05,None,2_lobby,2_hist_old,2_lobby,0.8,3_2_stairs
1.0,2015-03-01 16:01:06,None,3_2_stairs,2_hist_old,3_2_stairs,1.0,3_2_stairs
0.9,2015-03-01 16:01:07,None,3_2_stairs,2_hist_old,3_2_stairs,0.9,3_2_stairs
0.5,2015-03-01 16:01:08,None,2_lobby,2_hist_new,3_2_stairs,0.2,3_2_stairs
0.9,2015-03-01 16:01:09,None,3_2_stairs,2_hist_new,3_2_stairs,0.9,3_2_stairs
0.9,2015-03-01 16:01:10,None,3_2_stairs,2_lobby,3_2_stairs,0.9,3_2_stairs
0.4,2015-03-01 16:01:11,None,1_entrance,2_lobby,3_2_stairs,0.2,3_2_stairs
0.7,2015-03-01 16:01:12,None,1_entrance,2_hist_new,1_entrance,0.7,3_2_stairs
0.5,2015-03-01 16:01:13,None,1_entrance,2_lobby,1_entrance,0.2,3_2_stairs
0.7,2015-03-01 16:01:14,None,3_2_stairs,2_lobby,3_2_stairs,0.7,3_2_stairs
0.7,2015-03-01 16:01:15,None,3_2_stairs,2_lobby,3_2_stairs,0.7,3_2_stairs
0.6,2015-03-01 16:01:16,None,2_lobby,2_lobby,2_lobby,0.2,3_2_stairs
0.5,2015-03-01 16:01:17,None,2_hist_old,2_lobby,2_lobby,0.2,3_2_stairs
0.5,2015-03-01 16:01:18,None,2_hist_old,2_hist_new,2_lobby,0.2,3_2_stairs
0.5,2015-03-01 16:01:19,None,2_hist_old,2_lobby,2_lobby,0.2,3_2_stairs
0.5,2015-03-01 16:01:20,None,2_hist_old,2_gal_north,2_lobby,0.2,3_2_stairs
0.6,2015-03-01 16:01:21,None,2_lobby,2_gal_north,2_lobby,0.2,3_2_stairs
0.5,2015-03-01 16:01:22,None,2_hist_old,2_gal_north,2_lobby,0.2,3_2_stairs
0.6,2015-03-01 16:01:23,None,2_lobby,2_gal_north,2_lobby,0.2,3_2_stairs
0.4,2015-03-01 16:01:24,None,2_lobby,2_gal_north,2_lobby,0.2,3_2_stairs
0.5,2015-03-01 16:01:25,None,2_hist_old,2_gal_north,2_lobby,0.2,3_2_stairs
0.5,2015-03-01 16:01:26,None,2_hist_new,2_gal_north,2_lobby,0.2,3_2_stairs
0.7,2015-03-01 16:01:27,None,2_hist_new,2_gal_north,2_hist_new,0.7,3_2_stairs
0.9,2015-03-01 16:01:28,None,2_hist_new,2_gal_north,2_hist_new,0.9,3_2_stairs
0.5,2015-03-01 16:01:29,None,2_lobby,2_gal_north,2_hist_new,0.2,3_2_stairs
0.8,2015-03-01 16:01:30,None,2_hist_new,2_gal_north,2_hist_new,0.8,3_2_stairs
0.4,2015-03-01 16:01:31,None,2_hist_new,2_gal_north,2_hist_new,0.2,3_2_stairs
0.6,2015-03-01 16:01:32,None,2_lobby,3_2_stairs,2_lobby,0.2,3_2_stairs
0.4,2015-03-01 16:01:33,None,2_lobby,2_gal_north,2_lobby,0.2,3_2_stairs
1.0,2015-03-01 16:01:34,None,2_hist_old,3_2_stairs,2_hist_old,1.0,3_2_stairs
0.9,2015-03-01 16:01:35,None,2_hist_old,3_2_stairs,2_hist_old,0.9,3_2_stairs
1.0,2015-03-01 16:01:36,None,2_gal_south,3_2_stairs,2_gal_south,1.0,3_2_stairs
1.0,2015-03-01 16:01:37,None,2_gal_south,3_2_stairs,2_gal_south,1.0,3_2_stairs
1.0,2015-03-01 16:01:38,None,2_gal_south,3_2_stairs,2_gal_south,1.0,3_2_stairs
1.0,2015-03-01 16:01:39,None,2_gal_south,3_2_stairs,2_gal_south,1.0,3_2_stairs
0.8,2015-03-01 16:01:40,None,1_entrance,3_2_stairs,1_entrance,0.8,3_2_stairs
0.5,2015-03-01 16:01:41,None,1_entrance,3_2_stairs,1_entrance,0.2,3_2_stairs
0.8,2015-03-01 16:01:42,None,1_entrance,3_2_stairs,1_entrance,0.8,3_2_stairs
0.6,2015-03-01 16:01:43,None,1_entrance,3_2_stairs,1_entrance,0.2,3_2_stairs
0.4,2015-03-01 16:01:44,None,2_1_stairs,3_2_stairs,1_entrance,0.2,3_2_stairs
0.7,2015-03-01 16:01:45,None,3_2_stairs,3_2_stairs,3_2_stairs,0.7,3_2_stairs
0.7,2015-03-01 16:01:46,None,3_2_stairs,3_2_stairs,3_2_stairs,0.7,3_2_stairs
0.5,2015-03-01 16:01:47,None,2_gal_north,3_2_stairs,3_2_stairs,0.2,3_2_stairs
0.7,2015-03-01 16:01:48,None,3_2_stairs,3_2_stairs,3_2_stairs,0.7,3_2_stairs
0.5,2015-03-01 16:01:49,None,2_gal_north,2_gal_north,3_2_stairs,0.2,3_2_stairs
1.0,2015-03-01 16:01:50,None,2_hist_old,3_2_stairs,2_hist_old,1.0,3_2_stairs
0.9,2015-03-01 16:01:51,None,2_hist_old,3_2_stairs,2_hist_old,0.9,3_2_stairs
1.0,2015-03-01 16:01:52,None,2_hist_old,3_2_stairs,2_hist_old,1.0,3_2_stairs
0.9,2015-03-01 16:01:53,None,2_hist_old,3_2_stairs,2_hist_old,0.9,3_2_stairs
1.0,2015-03-01 16:01:54,None,2_hist_old,3_2_stairs,2_hist_old,1.0,3_2_stairs
0.9,2015-03-01 16:01:55,None,2_hist_old,2_1_stairs,2_hist_old,0.9,3_2_stairs
1.0,2015-03-01 16:01:56,None,2_hist_old,2_1_stairs,2_hist_old,1.0,3_2_stairs
0.9,2015-03-01 16:01:57,None,2_hist_old,2_1_stairs,2_hist_old,0.9,3_2_stairs
0.6,2015-03-01 16:01:58,None,2_hist_new,2_1_stairs,2_hist_new,0.2,3_2_stairs
0.4,2015-03-01 16:01:59,None,2_hist_new,2_gal_south,2_hist_new,0.2,3_2_stairs
0.4,2015-03-01 16:02:00,None,2_lobby,3_2_stairs,2_hist_new,0.2,3_2_stairs
0.9,2015-03-01 16:02:01,None,2_lobby,3_2_stairs,2_lobby,0.9,3_2_stairs
0.9,2015-03-01 16:02:02,None,2_hist_new,3_2_stairs,2_hist_new,0.9,3_2_stairs
0.7,2015-03-01 16:02:03,None,2_lobby,3_2_stairs,2_lobby,0.7,3_2_stairs
0.6,2015-03-01 16:02:04,None,2_lobby,3_2_stairs,2_lobby,0.2,3_2_stairs
0.4,2015-03-01 16:02:05,None,2_lobby,3_2_stairs,2_lobby,0.2,3_2_stairs
0.8,2015-03-01 16:02:06,None,2_lobby,3_2_stairs,2_lobby,0.8,3_2_stairs
0.7,2015-03-01 16:02:07,None,2_lobby,3_2_stairs,2_lobby,0.7,3_2_stairs
0.9,2015-03-01 16:02:08,None,2_hist_new,3_2_stairs,2_hist_new,0.9,3_2_stairs
0.6,2015-03-01 16:02:09,None,2_lobby,3_2_stairs,2_lobby,0.2,3_2_stairs
0.8,2015-03-01 16:02:10,None,2_gal_north,3_2_stairs,2_gal_north,0.8,3_2_stairs
0.8,2015-03-01 16:02:11,None,2_gal_north,3_2_stairs,2_gal_north,0.8,3_2_stairs
0.8,2015-03-01 16:02:12,None,2_gal_north,3_2_stairs,2_gal_north,0.8,3_2_stairs
0.8,2015-03-01 16:02:13,None,2_gal_north,3_2_stairs,2_gal_north,0.8,3_2_stairs
0.5,2015-03-01 16:02:14,None,2_gal_north,3_2_stairs,2_gal_north,0.2,3_2_stairs
0.8,2015-03-01 16:02:15,None,2_gal_north,3_2_stairs,2_gal_north,0.8,3_2_stairs
0.8,2015-03-01 16:02:16,None,2_gal_north,3_2_stairs,2_gal_north,0.8,3_2_stairs
0.8,2015-03-01 16:02:17,None,2_gal_north,3_2_stairs,2_gal_north,0.8,3_2_stairs
0.5,2015-03-01 16:02:18,None,2_gal_north,3_2_stairs,2_gal_north,0.2,3_2_stairs
0.8,2015-03-01 16:02:19,None,2_gal_north,3_2_stairs,2_gal_north,0.8,3_2_stairs
0.6,2015-03-01 16:02:20,None,2_gal_north,3_2_stairs,2_gal_north,0.2,3_2_stairs
0.5,2015-03-01 16:02:21,None,2_gal_north,3_2_stairs,2_gal_north,0.2,3_2_stairs
0.7,2015-03-01 16:02:22,None,3_2_stairs,3_2_stairs,3_2_stairs,0.7,3_2_stairs
0.5,2015-03-01 16:02:23,None,2_gal_north,2_gal_north,3_2_stairs,0.2,3_2_stairs
0.6,2015-03-01 16:02:24,None,3_2_stairs,3_2_stairs,3_2_stairs,0.2,3_2_stairs
0.6,2015-03-01 16:02:25,None,3_2_stairs,3_2_stairs,3_2_stairs,0.2,3_2_stairs
0.7,2015-03-01 16:02:26,None,3_2_stairs,3_2_stairs,3_2_stairs,0.7,3_2_stairs
0.6,2015-03-01 16:02:27,None,3_2_stairs,3_2_stairs,3_2_stairs,0.2,3_2_stairs
0.7,2015-03-01 16:02:28,None,3_2_stairs,3_2_stairs,3_2_stairs,0.7,3_2_stairs
0.5,2015-03-01 16:02:29,None,3_2_stairs,3_2_stairs,3_2_stairs,0.2,3_2_stairs
0.8,2015-03-01 16:02:30,None,3_2_stairs,3_2_stairs,3_2_stairs,0.8,3_2_stairs
0.6,2015-03-01 16:02:31,None,3_2_stairs,3_2_stairs,3_2_stairs,0.2,3_2_stairs
0.5,2015-03-01 16:02:32,None,3_2_stairs,3_2_stairs,3_2_stairs,0.2,3_2_stairs
0.6,2015-03-01 16:02:33,None,3_2_stairs,3_2_stairs,3_2_stairs,0.2,3_2_stairs
0.7,2015-03-01 16:02:34,None,3_2_stairs,3_2_stairs,3_2_stairs,0.7,3_2_stairs
0.7,2015-03-01 16:02:35,None,3_2_stairs,2_gal_north,3_2_stairs,0.7,3_2_stairs
0.7,2015-03-01 16:02:36,None,3_2_stairs,2_gal_north,3_2_stairs,0.7,3_2_stairs
0.7,2015-03-01 16:02:37,None,3_2_stairs,2_gal_north,3_2_stairs,0.7,3_2_stairs
0.8,2015-03-01 16:02:38,None,3_2_stairs,2_gal_north,3_2_stairs,0.8,3_2_stairs
0.5,2015-03-01 16:02:39,None,2_gal_north,2_gal_north,3_2_stairs,0.2,3_2_stairs
0.5,2015-03-01 16:02:40,None,3_2_stairs,2_gal_north,3_2_stairs,0.2,3_2_stairs
0.6,2015-03-01 16:02:41,None,3_2_stairs,2_gal_north,3_2_stairs,0.2,3_2_stairs
0.7,2015-03-01 16:02:42,None,3_2_stairs,2_gal_north,3_2_stairs,0.7,3_2_stairs
0.6,2015-03-01 16:02:43,None,3_2_stairs,3_2_stairs,3_2_stairs,0.2,3_2_stairs
0.7,2015-03-01 16:02:44,None,3_2_stairs,2_gal_north,3_2_stairs,0.7,3_2_stairs
0.5,2015-03-01 16:02:45,None,2_1_stairs,2_gal_north,3_2_stairs,0.2,3_2_stairs
0.5,2015-03-01 16:02:46,None,2_1_stairs,2_gal_north,3_2_stairs,0.2,3_2_stairs
0.5,2015-03-01 16:02:47,None,2_1_stairs,2_gal_north,3_2_stairs,0.2,3_2_stairs
0.5,2015-03-01 16:02:48,None,2_1_stairs,2_gal_north,3_2_stairs,0.2,3_2_stairs
0.8,2015-03-01 16:02:49,None,2_gal_south,2_gal_north,2_gal_south,0.8,3_2_stairs
0.5,2015-03-01 16:02:50,None,3_2_stairs,2_gal_north,2_gal_south,0.2,3_2_stairs
0.5,2015-03-01 16:02:51,None,3_2_stairs,2_gal_north,2_gal_south,0.2,3_2_stairs
0.5,2015-03-01 16:02:52,None,3_2_stairs,2_gal_north,2_gal_south,0.2,3_2_stairs
0.5,2015-03-01 16:02:53,None,3_2_stairs,2_gal_north,2_gal_south,0.2,3_2_stairs
0.7,2015-03-01 16:02:54,None,3_2_stairs,2_gal_north,3_2_stairs,0.7,3_2_stairs
0.9,2015-03-01 16:02:55,None,3_2_stairs,2_gal_north,3_2_stairs,0.9,3_2_stairs
0.8,2015-03-01 16:02:56,None,3_2_stairs,2_gal_north,3_2_stairs,0.8,3_2_stairs
0.8,2015-03-01 16:02:57,None,3_2_stairs,2_gal_north,3_2_stairs,0.8,3_2_stairs
0.9,2015-03-01 16:02:58,None,3_2_stairs,3_2_stairs,3_2_stairs,0.9,3_2_stairs
0.9,2015-03-01 16:02:59,None,3_2_stairs,2_gal_north,3_2_stairs,0.9,3_2_stairs
1.0,2015-03-01 16:03:00,None,3_2_stairs,2_gal_north,3_2_stairs,1.0,3_2_stairs
0.8,2015-03-01 16:03:01,None,3_2_stairs,3_2_stairs,3_2_stairs,0.8,3_2_stairs
1.0,2015-03-01 16:03:02,None,3_2_stairs,2_gal_north,3_2_stairs,1.0,3_2_stairs
1.0,2015-03-01 16:03:03,None,3_2_stairs,2_gal_north,3_2_stairs,1.0,3_2_stairs
1.0,2015-03-01 16:03:04,None,3_2_stairs,3_2_stairs,3_2_stairs,1.0,3_2_stairs
1.0,2015-03-01 16:03:05,None,3_2_stairs,3_2_stairs,3_2_stairs,1.0,3_2_stairs
1.0,2015-03-01 16:03:06,None,3_2_stairs,2_gal_north,3_2_stairs,1.0,3_2_stairs
1.0,2015-03-01 16:03:07,None,3_2_stairs,2_gal_north,3_2_stairs,1.0,3_2_stairs
1.0,2015-03-01 16:03:08,None,3_2_stairs,3_2_stairs,3_2_stairs,1.0,3_2_stairs
1.0,2015-03-01 16:03:09,None,3_2_stairs,2_gal_north,3_2_stairs,1.0,3_2_stairs
0.8,2015-03-01 16:03:10,None,3_2_stairs,3_2_stairs,3_2_stairs,0.8,3_2_stairs
0.6,2015-03-01 16:03:11,None,3_2_stairs,3_2_stairs,3_2_stairs,0.2,3_2_stairs
0.6,2015-03-01 16:03:12,None,3_2_stairs,2_gal_north,3_2_stairs,0.2,3_2_stairs
0.6,2015-03-01 16:03:13,None,2_gal_north,2_gal_north,2_gal_north,0.2,3_2_stairs
0.9,2015-03-01 16:03:14,None,3_2_stairs,2_gal_north,3_2_stairs,0.9,3_2_stairs
0.9,2015-03-01 16:03:15,None,3_2_stairs,2_gal_north,3_2_stairs,0.9,3_2_stairs
1.0,2015-03-01 16:03:16,None,3_2_stairs,2_gal_north,3_2_stairs,1.0,3_2_stairs
0.9,2015-03-01 16:03:17,None,3_2_stairs,2_gal_north,3_2_stairs,0.9,3_2_stairs
0.7,2015-03-01 16:03:18,None,3_2_stairs,2_gal_north,3_2_stairs,0.7,3_2_stairs
0.8,2015-03-01 16:03:19,None,3_2_stairs,2_gal_north,3_2_stairs,0.8,3_2_stairs
0.9,2015-03-01 16:03:20,None,3_2_stairs,2_gal_north,3_2_stairs,0.9,3_2_stairs
1.0,2015-03-01 16:03:21,None,3_2_stairs,2_gal_north,3_2_stairs,1.0,3_2_stairs
1.0,2015-03-01 16:03:22,None,3_2_stairs,2_gal_north,3_2_stairs,1.0,3_2_stairs
1.0,2015-03-01 16:03:23,None,3_2_stairs,2_gal_north,3_2_stairs,1.0,3_2_stairs
0.8,2015-03-01 16:03:24,None,3_2_stairs,2_gal_north,3_2_stairs,0.8,3_2_stairs
0.8,2015-03-01 16:03:25,None,2_gal_north,2_gal_north,2_gal_north,0.8,3_2_stairs
0.8,2015-03-01 16:03:26,None,2_gal_north,2_gal_north,2_gal_north,0.8,3_2_stairs
0.8,2015-03-01 16:03:27,None,2_gal_north,2_gal_north,2_gal_north,0.8,3_2_stairs
0.5,2015-03-01 16:03:28,None,2_gal_north,1_lobby_aud,2_gal_north,0.2,3_2_stairs
0.6,2015-03-01 16:03:29,None,2_gal_north,2_gal_north,2_gal_north,0.2,3_2_stairs
0.6,2015-03-01 16:03:30,None,2_gal_north,2_gal_north,2_gal_north,0.2,3_2_stairs
0.8,2015-03-01 16:03:31,None,2_gal_north,2_gal_north,2_gal_north,0.8,3_2_stairs
0.6,2015-03-01 16:03:32,None,2_gal_north,3_2_stairs,2_gal_north,0.2,3_2_stairs
0.6,2015-03-01 16:03:33,None,3_2_stairs,3_2_stairs,3_2_stairs,0.2,3_2_stairs
0.5,2015-03-01 16:03:34,None,2_gal_north,3_2_stairs,3_2_stairs,0.2,3_2_stairs
0.6,2015-03-01 16:03:35,None,2_gal_north,3_2_stairs,2_gal_north,0.2,3_2_stairs
0.6,2015-03-01 16:03:36,None,2_gal_north,3_2_stairs,2_gal_north,0.2,3_2_stairs
0.8,2015-03-01 16:03:37,None,2_gal_north,3_2_stairs,2_gal_north,0.8,3_2_stairs
0.8,2015-03-01 16:03:38,None,2_gal_north,3_2_stairs,2_gal_north,0.8,3_2_stairs
0.6,2015-03-01 16:03:39,None,2_gal_north,3_2_stairs,2_gal_north,0.2,3_2_stairs
0.6,2015-03-01 16:03:40,None,2_gal_north,3_2_stairs,2_gal_north,0.2,3_2_stairs
0.8,2015-03-01 16:03:41,None,2_gal_north,3_2_stairs,2_gal_north,0.8,3_2_stairs
0.7,2015-03-01 16:03:42,None,2_gal_north,2_gal_south,2_gal_north,0.7,3_2_stairs
0.6,2015-03-01 16:03:43,None,2_gal_north,2_gal_south,2_gal_north,0.2,3_2_stairs
0.6,2015-03-01 16:03:44,None,2_gal_north,2_gal_south,2_gal_north,0.2,3_2_stairs
0.8,2015-03-01 16:03:45,None,2_gal_north,2_gal_south,2_gal_north,0.8,3_2_stairs
0.8,2015-03-01 16:03:46,None,2_gal_north,3_2_stairs,2_gal_north,0.8,3_2_stairs
0.6,2015-03-01 16:03:47,None,2_gal_north,3_2_stairs,2_gal_north,0.2,3_2_stairs
0.6,2015-03-01 16:03:48,None,3_2_stairs,2_1_stairs,3_2_stairs,0.2,3_2_stairs
0.8,2015-03-01 16:03:49,None,2_gal_north,2_1_stairs,2_gal_north,0.8,3_2_stairs
0.5,2015-03-01 16:03:50,None,2_gal_north,1_entrance,2_gal_north,0.2,3_2_stairs
0.6,2015-03-01 16:03:51,None,3_2_stairs,2_1_stairs,3_2_stairs,0.2,3_2_stairs
0.6,2015-03-01 16:03:52,None,2_gal_north,2_1_stairs,2_gal_north,0.2,3_2_stairs
0.7,2015-03-01 16:03:53,None,2_gal_north,2_1_stairs,2_gal_north,0.7,3_2_stairs
0.6,2015-03-01 16:03:54,None,3_2_stairs,3_2_stairs,3_2_stairs,0.2,3_2_stairs
0.6,2015-03-01 16:03:55,None,3_2_stairs,3_2_stairs,3_2_stairs,0.2,3_2_stairs
0.5,2015-03-01 16:03:56,None,2_gal_north,2_lobby,3_2_stairs,0.2,3_2_stairs
0.6,2015-03-01 16:03:57,None,2_gal_north,3_2_stairs,2_gal_north,0.2,3_2_stairs
0.6,2015-03-01 16:03:58,None,3_2_stairs,3_2_stairs,3_2_stairs,0.2,3_2_stairs
0.7,2015-03-01 16:03:59,None,2_gal_north,3_2_stairs,2_gal_north,0.7,3_2_stairs
0.6,2015-03-01 16:04:00,None,3_2_stairs,3_2_stairs,3_2_stairs,0.2,3_2_stairs
0.6,2015-03-01 16:04:01,None,3_2_stairs,3_2_stairs,3_2_stairs,0.2,3_2_stairs
0.8,2015-03-01 16:04:02,None,2_gal_north,3_2_stairs,2_gal_north,0.8,3_2_stairs
0.8,2015-03-01 16:04:03,None,2_gal_north,3_2_stairs,2_gal_north,0.8,3_2_stairs
0.6,2015-03-01 16:04:04,None,2_gal_north,3_2_stairs,2_gal_north,0.2,3_2_stairs
0.8,2015-03-01 16:04:05,None,2_gal_north,3_2_stairs,2_gal_north,0.8,3_2_stairs
0.7,2015-03-01 16:04:06,None,2_gal_north,3_2_stairs,2_gal_north,0.7,3_2_stairs
0.5,2015-03-01 16:04:07,None,2_gal_north,3_2_stairs,2_gal_north,0.2,3_2_stairs
0.5,2015-03-01 16:04:08,None,2_gal_north,3_2_stairs,2_gal_north,0.2,3_2_stairs
0.7,2015-03-01 16:04:09,None,2_gal_north,3_2_stairs,2_gal_north,0.7,3_2_stairs
0.5,2015-03-01 16:04:10,None,2_gal_north,3_2_stairs,2_gal_north,0.2,3_2_stairs
0.5,2015-03-01 16:04:11,None,2_gal_north,3_2_stairs,2_gal_north,0.2,3_2_stairs
0.7,2015-03-01 16:04:12,None,2_gal_north,2_gal_north,2_gal_north,0.7,3_2_stairs
0.8,2015-03-01 16:04:13,None,2_gal_north,2_gal_north,2_gal_north,0.8,3_2_stairs
0.8,2015-03-01 16:04:14,None,2_gal_north,2_gal_north,2_gal_north,0.8,3_2_stairs
0.8,2015-03-01 16:04:15,None,2_gal_north,2_gal_north,2_gal_north,0.8,3_2_stairs
0.7,2015-03-01 16:04:16,None,2_gal_north,3_2_stairs,2_gal_north,0.7,3_2_stairs
0.7,2015-03-01 16:04:17,None,2_gal_north,3_2_stairs,2_gal_north,0.7,3_2_stairs
0.5,2015-03-01 16:04:18,None,1_lobby_aud,3_2_stairs,2_gal_north,0.2,3_2_stairs
0.6,2015-03-01 16:04:19,None,2_gal_north,3_2_stairs,2_gal_north,0.2,3_2_stairs
0.8,2015-03-01 16:04:20,None,2_gal_north,3_2_stairs,2_gal_north,0.8,3_2_stairs
0.6,2015-03-01 16:04:21,None,2_gal_north,3_2_stairs,2_gal_north,0.2,3_2_stairs
0.8,2015-03-01 16:04:22,None,3_2_stairs,3_2_stairs,3_2_stairs,0.8,3_2_stairs
0.8,2015-03-01 16:04:23,None,3_2_stairs,3_2_stairs,3_2_stairs,0.8,3_2_stairs
0.8,2015-03-01 16:04:24,None,3_2_stairs,3_2_stairs,3_2_stairs,0.8,3_2_stairs
0.8,2015-03-01 16:04:25,None,3_2_stairs,3_2_stairs,3_2_stairs,0.8,3_2_stairs
0.8,2015-03-01 16:04:26,None,3_2_stairs,3_2_stairs,3_2_stairs,0.8,3_2_stairs
0.8,2015-03-01 16:04:27,None,3_2_stairs,3_2_stairs,3_2_stairs,0.8,3_2_stairs
0.8,2015-03-01 16:04:28,None,3_2_stairs,3_2_stairs,3_2_stairs,0.8,3_2_stairs
0.8,2015-03-01 16:04:29,None,3_2_stairs,3_2_stairs,3_2_stairs,0.8,3_2_stairs
0.8,2015-03-01 16:04:30,None,3_2_stairs,3_2_stairs,3_2_stairs,0.8,3_2_stairs
0.8,2015-03-01 16:04:31,None,3_2_stairs,3_2_stairs,3_2_stairs,0.8,3_2_stairs
1.0,2015-03-01 16:04:32,None,2_gal_south,3_2_stairs,2_gal_south,1.0,3_2_stairs
1.0,2015-03-01 16:04:33,None,2_gal_south,3_2_stairs,2_gal_south,1.0,3_2_stairs
0.6,2015-03-01 16:04:34,None,2_gal_south,3_2_stairs,2_gal_south,0.2,3_2_stairs
0.8,2015-03-01 16:04:35,None,2_gal_south,3_2_stairs,2_gal_south,0.8,3_2_stairs
0.8,2015-03-01 16:04:36,None,3_2_stairs,3_2_stairs,3_2_stairs,0.8,3_2_stairs
0.8,2015-03-01 16:04:37,None,3_2_stairs,3_2_stairs,3_2_stairs,0.8,3_2_stairs
0.5,2015-03-01 16:04:38,None,2_1_stairs,3_2_stairs,3_2_stairs,0.2,3_2_stairs
0.8,2015-03-01 16:04:39,None,2_1_stairs,3_2_stairs,2_1_stairs,0.8,3_2_stairs
0.6,2015-03-01 16:04:40,None,1_entrance,3_2_stairs,1_entrance,0.2,3_2_stairs
0.7,2015-03-01 16:04:41,None,2_1_stairs,3_2_stairs,2_1_stairs,0.7,3_2_stairs
0.5,2015-03-01 16:04:42,None,2_1_stairs,3_2_stairs,2_1_stairs,0.2,3_2_stairs
0.5,2015-03-01 16:04:43,None,2_1_stairs,3_2_stairs,2_1_stairs,0.2,3_2_stairs
0.7,2015-03-01 16:04:44,None,3_2_stairs,3_lobby,3_2_stairs,0.7,3_2_stairs
1.0,2015-03-01 16:04:45,None,3_2_stairs,3_lobby,3_2_stairs,1.0,3_2_stairs
0.6,2015-03-01 16:04:46,None,2_lobby,3_lobby,2_lobby,0.2,3_2_stairs
0.7,2015-03-01 16:04:47,None,3_2_stairs,3_lobby,3_2_stairs,0.7,3_2_stairs
1.0,2015-03-01 16:04:48,None,3_2_stairs,3_lobby,3_2_stairs,1.0,3_2_stairs
0.9,2015-03-01 16:04:49,None,3_2_stairs,3_lobby,3_2_stairs,0.9,3_2_stairs
0.7,2015-03-01 16:04:50,None,3_2_stairs,3_lobby,3_2_stairs,0.7,3_2_stairs
0.5,2015-03-01 16:04:51,None,3_2_stairs,3_lobby,3_2_stairs,0.2,3_2_stairs
0.8,2015-03-01 16:04:52,None,3_2_stairs,3_lobby,3_2_stairs,0.8,3_2_stairs
0.4,2015-03-01 16:04:53,None,3_2_stairs,3_lobby,3_2_stairs,0.2,3_2_stairs
0.8,2015-03-01 16:04:54,None,3_2_stairs,3_lobby,3_2_stairs,0.8,3_2_stairs
0.7,2015-03-01 16:04:55,None,3_2_stairs,3_lobby,3_2_stairs,0.7,3_2_stairs
0.7,2015-03-01 16:04:56,None,3_2_stairs,3_lobby,3_2_stairs,0.7,3_2_stairs
0.6,2015-03-01 16:04:57,None,3_2_stairs,3_lobby,3_2_stairs,0.2,3_2_stairs
0.7,2015-03-01 16:04:58,None,3_2_stairs,3_lobby,3_2_stairs,0.7,3_2_stairs
0.8,2015-03-01 16:04:59,None,3_2_stairs,3_lobby,3_2_stairs,0.8,3_2_stairs
1.0,2015-03-01 16:05:00,None,3_2_stairs,3_lobby,3_2_stairs,1.0,3_2_stairs
0.8,2015-03-01 16:05:01,None,3_2_stairs,3_lobby,3_2_stairs,0.8,3_2_stairs
0.6,2015-03-01 16:05:02,None,2_gal_north,3_lobby,2_gal_north,0.2,3_2_stairs
0.4,2015-03-01 16:05:03,None,2_gal_north,3_lobby,2_gal_north,0.2,3_2_stairs
0.9,2015-03-01 16:05:04,None,2_gal_north,3_2_stairs,2_gal_north,0.9,3_2_stairs
0.7,2015-03-01 16:05:05,None,2_gal_north,3_2_stairs,2_gal_north,0.7,3_2_stairs
0.9,2015-03-01 16:05:06,None,3_2_stairs,3_2_stairs,3_2_stairs,0.9,3_2_stairs
0.9,2015-03-01 16:05:07,None,3_2_stairs,3_2_stairs,3_2_stairs,0.9,3_2_stairs
1.0,2015-03-01 16:05:08,None,3_2_stairs,3_2_stairs,3_2_stairs,1.0,3_2_stairs
1.0,2015-03-01 16:05:09,None,3_2_stairs,3_2_stairs,3_2_stairs,1.0,3_2_stairs
1.0,2015-03-01 16:05:10,None,3_2_stairs,3_2_stairs,3_2_stairs,1.0,3_2_stairs
1.0,2015-03-01 16:05:11,None,3_2_stairs,3_2_stairs,3_2_stairs,1.0,3_2_stairs
1.0,2015-03-01 16:05:12,None,3_2_stairs,3_2_stairs,3_2_stairs,1.0,3_2_stairs
1.0,2015-03-01 16:05:13,None,3_2_stairs,3_2_stairs,3_2_stairs,1.0,3_2_stairs
0.9,2015-03-01 16:05:14,None,3_2_stairs,3_2_stairs,3_2_stairs,0.9,3_2_stairs
0.9,2015-03-01 16:05:15,None,3_2_stairs,3_2_stairs,3_2_stairs,0.9,3_2_stairs
1.0,2015-03-01 16:05:16,None,3_2_stairs,3_2_stairs,3_2_stairs,1.0,3_2_stairs
1.0,2015-03-01 16:05:17,None,3_2_stairs,3_2_stairs,3_2_stairs,1.0,3_2_stairs
1.0,2015-03-01 16:05:18,None,3_2_stairs,3_2_stairs,3_2_stairs,1.0,3_2_stairs
1.0,2015-03-01 16:05:19,None,3_2_stairs,3_lobby,3_2_stairs,1.0,3_2_stairs
1.0,2015-03-01 16:05:20,None,3_2_stairs,3_lobby,3_2_stairs,1.0,3_2_stairs
1.0,2015-03-01 16:05:21,None,3_2_stairs,3_lobby,3_2_stairs,1.0,3_2_stairs
1.0,2015-03-01 16:05:22,None,3_2_stairs,3_lobby,3_2_stairs,1.0,3_2_stairs
0.7,2015-03-01 16:05:23,None,3_2_stairs,3_lobby,3_2_stairs,0.7,3_2_stairs
0.8,2015-03-01 16:05:24,None,3_2_stairs,3_gal,3_2_stairs,0.8,3_2_stairs
0.8,2015-03-01 16:05:25,None,3_2_stairs,3_lobby,3_2_stairs,0.8,3_2_stairs
1.0,2015-03-01 16:05:26,None,3_2_stairs,3_lobby,3_2_stairs,1.0,3_2_stairs
1.0,2015-03-01 16:05:27,None,3_2_stairs,3_lobby,3_2_stairs,1.0,3_2_stairs
1.0,2015-03-01 16:05:28,None,3_2_stairs,3_lobby,3_2_stairs,1.0,3_2_stairs
1.0,2015-03-01 16:05:29,None,3_2_stairs,3_lobby,3_2_stairs,1.0,3_2_stairs
1.0,2015-03-01 16:05:30,None,3_2_stairs,3_lobby,3_2_stairs,1.0,3_2_stairs
1.0,2015-03-01 16:05:31,None,3_2_stairs,3_lobby,3_2_stairs,1.0,3_2_stairs
1.0,2015-03-01 16:05:32,None,3_2_stairs,3_lobby,3_2_stairs,1.0,3_2_stairs
0.5,2015-03-01 16:05:33,None,3_2_stairs,3_lobby,3_2_stairs,0.2,3_2_stairs
0.9,2015-03-01 16:05:34,None,3_lobby,1_entrance,3_lobby,0.9,3_lobby
1.0,2015-03-01 16:05:35,None,3_lobby,1_entrance,3_lobby,1.0,3_lobby
0.7,2015-03-01 16:05:36,None,3_lobby,3_lobby,3_lobby,0.7,3_lobby
1.0,2015-03-01 16:05:37,None,3_lobby,3_lobby,3_lobby,1.0,3_lobby
0.9,2015-03-01 16:05:38,None,3_lobby,3_lobby,3_lobby,0.9,3_lobby
0.8,2015-03-01 16:05:39,None,3_lobby,3_lobby,3_lobby,0.8,3_lobby
0.6,2015-03-01 16:05:40,None,3_lobby,3_lobby,3_lobby,0.2,3_lobby
0.9,2015-03-01 16:05:41,None,3_lobby,3_lobby,3_lobby,0.9,3_lobby
0.9,2015-03-01 16:05:42,None,3_lobby,1_entrance,3_lobby,0.9,3_lobby
0.8,2015-03-01 16:05:43,None,3_lobby,3_lobby,3_lobby,0.8,3_lobby
1.0,2015-03-01 16:05:44,None,3_lobby,3_lobby,3_lobby,1.0,3_lobby
1.0,2015-03-01 16:05:45,None,3_lobby,3_lobby,3_lobby,1.0,3_lobby
1.0,2015-03-01 16:05:46,None,3_lobby,3_lobby,3_lobby,1.0,3_lobby
1.0,2015-03-01 16:05:47,None,3_lobby,3_lobby,3_lobby,1.0,3_lobby
1.0,2015-03-01 16:05:48,None,3_lobby,3_gal,3_lobby,1.0,3_lobby
1.0,2015-03-01 16:05:49,None,3_lobby,3_lobby,3_lobby,1.0,3_lobby
0.9,2015-03-01 16:05:50,None,3_lobby,3_lobby,3_lobby,0.9,3_lobby
0.9,2015-03-01 16:05:51,None,3_lobby,3_lobby,3_lobby,0.9,3_lobby
0.7,2015-03-01 16:05:52,None,3_lobby,3_lobby,3_lobby,0.7,3_lobby
0.6,2015-03-01 16:05:53,None,3_lobby,3_lobby,3_lobby,0.2,3_lobby
1.0,2015-03-01 16:05:54,None,3_2_stairs,3_lobby,3_2_stairs,1.0,3_lobby
1.0,2015-03-01 16:05:55,None,3_2_stairs,3_gal,3_2_stairs,1.0,3_lobby
1.0,2015-03-01 16:05:56,None,3_2_stairs,3_lobby,3_2_stairs,1.0,3_lobby
1.0,2015-03-01 16:05:57,None,3_2_stairs,3_lobby,3_2_stairs,1.0,3_lobby
1.0,2015-03-01 16:05:58,None,3_2_stairs,3_lobby,3_2_stairs,1.0,3_lobby
1.0,2015-03-01 16:05:59,None,3_2_stairs,3_gal,3_2_stairs,1.0,3_lobby
1.0,2015-03-01 16:06:00,None,3_2_stairs,3_lobby,3_2_stairs,1.0,3_lobby
1.0,2015-03-01 16:06:01,None,3_2_stairs,1_lobby_aud,3_2_stairs,1.0,3_lobby
1.0,2015-03-01 16:06:02,None,3_2_stairs,3_gal,3_2_stairs,1.0,3_lobby
1.0,2015-03-01 16:06:03,None,3_2_stairs,3_2_stairs,3_2_stairs,1.0,3_lobby
0.8,2015-03-01 16:06:04,None,3_2_stairs,3_2_stairs,3_2_stairs,0.8,3_lobby
0.8,2015-03-01 16:06:05,None,3_2_stairs,3_2_stairs,3_2_stairs,0.8,3_lobby
0.7,2015-03-01 16:06:06,None,3_2_stairs,3_2_stairs,3_2_stairs,0.7,3_lobby
0.5,2015-03-01 16:06:07,None,3_2_stairs,3_2_stairs,3_2_stairs,0.2,3_lobby
0.8,2015-03-01 16:06:08,None,3_2_stairs,3_2_stairs,3_2_stairs,0.8,3_lobby
0.5,2015-03-01 16:06:09,None,3_lobby,3_2_stairs,3_2_stairs,0.2,3_lobby
0.5,2015-03-01 16:06:10,None,3_lobby,3_2_stairs,3_2_stairs,0.2,3_lobby
0.5,2015-03-01 16:06:11,None,3_lobby,3_2_stairs,3_2_stairs,0.2,3_lobby
0.8,2015-03-01 16:06:12,None,3_lobby,3_2_stairs,3_lobby,0.8,3_lobby
0.8,2015-03-01 16:06:13,None,3_lobby,3_2_stairs,3_lobby,0.8,3_lobby
0.6,2015-03-01 16:06:14,None,3_gal,3_2_stairs,3_gal,0.2,3_lobby
0.8,2015-03-01 16:06:15,None,3_lobby,3_2_stairs,3_lobby,0.8,3_lobby
0.7,2015-03-01 16:06:16,None,3_lobby,3_2_stairs,3_lobby,0.7,3_lobby
0.7,2015-03-01 16:06:17,None,3_lobby,3_2_stairs,3_lobby,0.7,3_lobby
0.8,2015-03-01 16:06:18,None,3_lobby,3_2_stairs,3_lobby,0.8,3_lobby
0.8,2015-03-01 16:06:19,None,3_lobby,3_2_stairs,3_lobby,0.8,3_lobby
0.8,2015-03-01 16:06:20,None,3_lobby,3_2_stairs,3_lobby,0.8,3_lobby
0.8,2015-03-01 16:06:21,None,3_lobby,2_1_stairs,3_lobby,0.8,3_lobby
0.9,2015-03-01 16:06:22,None,3_lobby,3_2_stairs,3_lobby,0.9,3_lobby
0.9,2015-03-01 16:06:23,None,3_lobby,3_2_stairs,3_lobby,0.9,3_lobby
0.5,2015-03-01 16:06:24,None,1_entrance,3_2_stairs,3_lobby,0.2,3_lobby
0.5,2015-03-01 16:06:25,None,1_entrance,3_2_stairs,3_lobby,0.2,3_lobby
0.9,2015-03-01 16:06:26,None,3_lobby,3_2_stairs,3_lobby,0.9,3_lobby
0.9,2015-03-01 16:06:27,None,3_lobby,2_1_stairs,3_lobby,0.9,3_lobby
0.9,2015-03-01 16:06:28,None,3_lobby,3_2_stairs,3_lobby,0.9,3_lobby
0.9,2015-03-01 16:06:29,None,3_lobby,3_2_stairs,3_lobby,0.9,3_lobby
0.9,2015-03-01 16:06:30,None,3_lobby,3_2_stairs,3_lobby,0.9,3_lobby
0.6,2015-03-01 16:06:31,None,3_lobby,3_2_stairs,3_lobby,0.2,3_lobby
0.7,2015-03-01 16:06:32,None,1_entrance,3_2_stairs,1_entrance,0.7,3_lobby
0.7,2015-03-01 16:06:33,None,3_lobby,3_2_stairs,3_lobby,0.7,3_lobby
0.7,2015-03-01 16:06:34,None,3_lobby,3_2_stairs,3_lobby,0.7,3_lobby
0.9,2015-03-01 16:06:35,None,3_lobby,3_2_stairs,3_lobby,0.9,3_lobby
0.8,2015-03-01 16:06:36,None,3_lobby,2_hist_old,3_lobby,0.8,3_lobby
0.9,2015-03-01 16:06:37,None,3_lobby,2_hist_old,3_lobby,0.9,3_lobby
0.5,2015-03-01 16:06:38,None,3_gal,2_hist_old,3_lobby,0.2,3_lobby
0.6,2015-03-01 16:06:39,None,3_lobby,2_hist_old,3_lobby,0.2,3_lobby
0.6,2015-03-01 16:06:40,None,3_lobby,2_hist_old,3_lobby,0.2,3_lobby
0.8,2015-03-01 16:06:41,None,3_lobby,2_hist_old,3_lobby,0.8,3_lobby
0.6,2015-03-01 16:06:42,None,3_lobby,2_hist_old,3_lobby,0.2,3_lobby
0.7,2015-03-01 16:06:43,None,3_lobby,2_hist_old,3_lobby,0.7,3_lobby
0.6,2015-03-01 16:06:44,None,3_lobby,2_hist_old,3_lobby,0.2,3_lobby
0.5,2015-03-01 16:06:45,None,3_gal,2_hist_old,3_lobby,0.2,3_lobby
0.6,2015-03-01 16:06:46,None,3_lobby,2_hist_old,3_lobby,0.2,3_lobby
0.7,2015-03-01 16:06:47,None,3_lobby,2_hist_old,3_lobby,0.7,3_lobby
0.6,2015-03-01 16:06:48,None,3_lobby,2_hist_old,3_lobby,0.2,3_lobby
0.6,2015-03-01 16:06:49,None,3_gal,2_hist_old,3_gal,0.2,3_lobby
0.6,2015-03-01 16:06:50,None,3_lobby,2_hist_old,3_lobby,0.2,3_lobby
0.9,2015-03-01 16:06:51,None,1_lobby_aud,2_hist_old,1_lobby_aud,0.9,3_lobby
0.4,2015-03-01 16:06:52,None,3_gal,2_hist_old,1_lobby_aud,0.2,3_lobby
0.8,2015-03-01 16:06:53,None,3_2_stairs,2_hist_old,3_2_stairs,0.8,3_2_stairs
0.9,2015-03-01 16:06:54,None,3_2_stairs,2_hist_old,3_2_stairs,0.9,3_2_stairs
0.8,2015-03-01 16:06:55,None,3_2_stairs,2_hist_old,3_2_stairs,0.8,3_2_stairs
0.8,2015-03-01 16:06:56,None,3_2_stairs,2_hist_old,3_2_stairs,0.8,3_2_stairs
0.7,2015-03-01 16:06:57,None,3_2_stairs,2_hist_old,3_2_stairs,0.7,3_2_stairs
1.0,2015-03-01 16:06:58,None,3_2_stairs,2_hist_old,3_2_stairs,1.0,3_2_stairs
1.0,2015-03-01 16:06:59,None,3_2_stairs,2_hist_old,3_2_stairs,1.0,3_2_stairs
1.0,2015-03-01 16:07:00,None,3_2_stairs,2_hist_old,3_2_stairs,1.0,3_2_stairs
0.7,2015-03-01 16:07:01,None,3_2_stairs,2_hist_old,3_2_stairs,0.7,3_2_stairs
0.7,2015-03-01 16:07:02,None,3_2_stairs,2_hist_old,3_2_stairs,0.7,3_2_stairs
0.8,2015-03-01 16:07:03,None,3_2_stairs,2_hist_old,3_2_stairs,0.8,3_2_stairs
0.9,2015-03-01 16:07:04,None,3_2_stairs,2_hist_old,3_2_stairs,0.9,3_2_stairs
0.9,2015-03-01 16:07:05,None,3_2_stairs,2_hist_old,3_2_stairs,0.9,3_2_stairs
0.9,2015-03-01 16:07:06,None,3_2_stairs,2_hist_old,3_2_stairs,0.9,3_2_stairs
0.9,2015-03-01 16:07:07,None,3_2_stairs,2_hist_old,3_2_stairs,0.9,3_2_stairs
1.0,2015-03-01 16:07:08,None,3_2_stairs,2_hist_old,3_2_stairs,1.0,3_2_stairs
0.8,2015-03-01 16:07:09,None,3_2_stairs,2_hist_old,3_2_stairs,0.8,3_2_stairs
1.0,2015-03-01 16:07:10,None,3_2_stairs,2_hist_old,3_2_stairs,1.0,3_2_stairs
0.5,2015-03-01 16:07:11,None,2_1_stairs,2_hist_old,3_2_stairs,0.2,3_2_stairs
1.0,2015-03-01 16:07:12,None,3_2_stairs,2_hist_old,3_2_stairs,1.0,3_2_stairs
0.7,2015-03-01 16:07:13,None,3_2_stairs,2_hist_old,3_2_stairs,0.7,3_2_stairs
0.9,2015-03-01 16:07:14,None,3_2_stairs,2_hist_old,3_2_stairs,0.9,3_2_stairs
0.9,2015-03-01 16:07:15,None,3_2_stairs,2_hist_old,3_2_stairs,0.9,3_2_stairs
0.6,2015-03-01 16:07:16,None,3_2_stairs,2_hist_old,3_2_stairs,0.2,3_2_stairs
0.5,2015-03-01 16:07:17,None,2_1_stairs,2_hist_old,3_2_stairs,0.2,3_2_stairs
0.7,2015-03-01 16:07:18,None,3_2_stairs,2_hist_old,3_2_stairs,0.7,3_2_stairs
0.9,2015-03-01 16:07:19,None,3_2_stairs,2_hist_old,3_2_stairs,0.9,3_2_stairs
0.8,2015-03-01 16:07:20,None,3_2_stairs,2_hist_old,3_2_stairs,0.8,3_2_stairs
0.8,2015-03-01 16:07:21,None,3_2_stairs,2_hist_old,3_2_stairs,0.8,3_2_stairs
0.8,2015-03-01 16:07:22,None,3_2_stairs,2_hist_old,3_2_stairs,0.8,3_2_stairs
0.6,2015-03-01 16:07:23,None,3_2_stairs,2_hist_old,3_2_stairs,0.2,3_2_stairs
0.8,2015-03-01 16:07:24,None,3_2_stairs,2_hist_old,3_2_stairs,0.8,3_2_stairs
0.7,2015-03-01 16:07:25,None,3_2_stairs,2_hist_old,3_2_stairs,0.7,3_2_stairs
0.5,2015-03-01 16:07:26,None,2_hist_old,2_hist_old,3_2_stairs,0.2,2_lobby
0.7,2015-03-01 16:07:27,None,2_hist_old,2_hist_old,2_hist_old,0.7,2_hist_old
0.6,2015-03-01 16:07:28,None,2_hist_old,2_hist_old,2_hist_old,0.2,2_hist_old
0.7,2015-03-01 16:07:29,None,2_hist_old,2_hist_old,2_hist_old,0.7,2_hist_old
0.7,2015-03-01 16:07:30,None,2_hist_old,2_hist_old,2_hist_old,0.7,2_hist_old
0.9,2015-03-01 16:07:31,None,2_hist_old,2_hist_old,2_hist_old,0.9,2_hist_old
0.8,2015-03-01 16:07:32,None,2_hist_old,2_hist_old,2_hist_old,0.8,2_hist_old
1.0,2015-03-01 16:07:33,None,2_hist_old,2_hist_old,2_hist_old,1.0,2_hist_old
0.8,2015-03-01 16:07:34,None,2_hist_old,2_hist_old,2_hist_old,0.8,2_hist_old
0.8,2015-03-01 16:07:35,None,2_hist_old,2_hist_old,2_hist_old,0.8,2_hist_old
1.0,2015-03-01 16:07:36,None,2_hist_old,2_hist_old,2_hist_old,1.0,2_hist_old
1.0,2015-03-01 16:07:37,None,2_hist_old,2_hist_old,2_hist_old,1.0,2_hist_old
0.8,2015-03-01 16:07:38,None,2_hist_old,2_hist_old,2_hist_old,0.8,2_hist_old
1.0,2015-03-01 16:07:39,None,2_hist_old,2_hist_old,2_hist_old,1.0,2_hist_old
0.9,2015-03-01 16:07:40,None,2_hist_old,2_hist_old,2_hist_old,0.9,2_hist_old
0.6,2015-03-01 16:07:41,None,2_hist_old,2_hist_old,2_hist_old,0.2,2_hist_old
0.8,2015-03-01 16:07:42,None,2_hist_old,2_hist_old,2_hist_old,0.8,2_hist_old
0.8,2015-03-01 16:07:43,None,2_hist_old,2_hist_old,2_hist_old,0.8,2_hist_old
0.6,2015-03-01 16:07:44,None,2_hist_old,2_hist_new,2_hist_old,0.2,2_hist_old
1.0,2015-03-01 16:07:45,None,2_hist_old,2_hist_new,2_hist_old,1.0,2_hist_old
1.0,2015-03-01 16:07:46,None,2_hist_old,2_hist_new,2_hist_old,1.0,2_hist_old
1.0,2015-03-01 16:07:47,None,2_hist_old,3_2_stairs,2_hist_old,1.0,2_hist_old
0.8,2015-03-01 16:07:48,None,2_hist_old,3_2_stairs,2_hist_old,0.8,2_hist_old
1.0,2015-03-01 16:07:49,None,2_hist_old,3_2_stairs,2_hist_old,1.0,2_hist_old
0.8,2015-03-01 16:07:50,None,2_hist_old,3_2_stairs,2_hist_old,0.8,2_hist_old
1.0,2015-03-01 16:07:51,None,2_hist_old,3_2_stairs,2_hist_old,1.0,2_hist_old
1.0,2015-03-01 16:07:52,None,2_hist_old,3_2_stairs,2_hist_old,1.0,2_hist_old
0.6,2015-03-01 16:07:53,None,2_hist_old,3_2_stairs,2_hist_old,0.2,2_hist_old
1.0,2015-03-01 16:07:54,None,2_hist_old,2_hist_old,2_hist_old,1.0,2_hist_old
1.0,2015-03-01 16:07:55,None,2_hist_old,2_hist_old,2_hist_old,1.0,2_hist_old
1.0,2015-03-01 16:07:56,None,2_hist_old,2_hist_old,2_hist_old,1.0,2_hist_old
1.0,2015-03-01 16:07:57,None,2_hist_old,2_hist_old,2_hist_old,1.0,2_hist_old
1.0,2015-03-01 16:07:58,None,2_hist_old,2_lobby,2_hist_old,1.0,2_hist_old
1.0,2015-03-01 16:07:59,None,2_hist_old,3_2_stairs,2_hist_old,1.0,2_hist_old
1.0,2015-03-01 16:08:00,None,2_hist_old,3_2_stairs,2_hist_old,1.0,2_hist_old
0.9,2015-03-01 16:08:01,None,2_hist_old,3_2_stairs,2_hist_old,0.9,2_hist_old
1.0,2015-03-01 16:08:02,None,2_hist_old,3_2_stairs,2_hist_old,1.0,2_hist_old
1.0,2015-03-01 16:08:03,None,2_hist_old,3_2_stairs,2_hist_old,1.0,2_hist_old
1.0,2015-03-01 16:08:04,None,2_hist_old,3_2_stairs,2_hist_old,1.0,2_hist_old
1.0,2015-03-01 16:08:05,None,2_hist_old,2_hist_old,2_hist_old,1.0,2_hist_old
1.0,2015-03-01 16:08:06,None,2_hist_old,2_hist_old,2_hist_old,1.0,2_hist_old
1.0,2015-03-01 16:08:07,None,2_hist_old,2_hist_old,2_hist_old,1.0,2_hist_old
1.0,2015-03-01 16:08:08,None,2_hist_old,3_2_stairs,2_hist_old,1.0,2_hist_old
1.0,2015-03-01 16:08:09,None,2_hist_old,3_2_stairs,2_hist_old,1.0,2_hist_old
1.0,2015-03-01 16:08:10,None,2_hist_old,2_lobby,2_hist_old,1.0,2_hist_old
1.0,2015-03-01 16:08:11,None,2_hist_old,2_hist_old,2_hist_old,1.0,2_hist_old
1.0,2015-03-01 16:08:12,None,2_hist_old,2_hist_old,2_hist_old,1.0,2_hist_old
0.8,2015-03-01 16:08:13,None,2_hist_old,2_hist_old,2_hist_old,0.8,2_hist_old
1.0,2015-03-01 16:08:14,None,2_hist_old,2_hist_old,2_hist_old,1.0,2_hist_old
0.8,2015-03-01 16:08:15,None,2_hist_old,2_hist_old,2_hist_old,0.8,2_hist_old
0.8,2015-03-01 16:08:16,None,2_hist_old,3_2_stairs,2_hist_old,0.8,2_hist_old
0.8,2015-03-01 16:08:17,None,2_hist_old,3_2_stairs,2_hist_old,0.8,2_hist_old
0.8,2015-03-01 16:08:18,None,2_hist_old,3_2_stairs,2_hist_old,0.8,2_hist_old
0.8,2015-03-01 16:08:19,None,2_hist_old,3_2_stairs,2_hist_old,0.8,2_hist_old
0.8,2015-03-01 16:08:20,None,2_hist_old,2_hist_old,2_hist_old,0.8,2_hist_old
0.8,2015-03-01 16:08:21,None,2_hist_old,2_hist_new,2_hist_old,0.8,2_hist_old
0.8,2015-03-01 16:08:22,None,2_hist_old,2_hist_old,2_hist_old,0.8,2_hist_old
0.8,2015-03-01 16:08:23,None,2_hist_old,3_2_stairs,2_hist_old,0.8,2_hist_old
0.8,2015-03-01 16:08:24,None,2_hist_old,3_2_stairs,2_hist_old,0.8,2_hist_old
0.8,2015-03-01 16:08:25,None,2_hist_old,3_2_stairs,2_hist_old,0.8,2_hist_old
0.8,2015-03-01 16:08:26,None,2_hist_old,3_2_stairs,2_hist_old,0.8,2_hist_old
0.8,2015-03-01 16:08:27,None,2_hist_old,3_2_stairs,2_hist_old,0.8,2_hist_old
0.8,2015-03-01 16:08:28,None,2_hist_old,3_2_stairs,2_hist_old,0.8,2_hist_old
0.8,2015-03-01 16:08:29,None,2_hist_old,3_2_stairs,2_hist_old,0.8,2_hist_old
1.0,2015-03-01 16:08:30,None,2_hist_old,2_hist_old,2_hist_old,1.0,2_hist_old
0.8,2015-03-01 16:08:31,None,2_hist_old,2_hist_old,2_hist_old,0.8,2_hist_old
1.0,2015-03-01 16:08:32,None,2_hist_old,2_hist_old,2_hist_old,1.0,2_hist_old
0.8,2015-03-01 16:08:33,None,2_hist_old,2_hist_old,2_hist_old,0.8,2_hist_old
1.0,2015-03-01 16:08:34,None,2_hist_new,2_hist_old,2_hist_new,1.0,2_hist_old
1.0,2015-03-01 16:08:35,None,2_hist_new,2_hist_old,2_hist_new,1.0,2_hist_old
0.6,2015-03-01 16:08:36,None,2_hist_new,2_hist_old,2_hist_new,0.2,2_hist_old
0.5,2015-03-01 16:08:37,None,3_2_stairs,2_hist_old,2_hist_new,0.2,2_hist_old
0.5,2015-03-01 16:08:38,None,3_2_stairs,2_hist_old,2_hist_new,0.2,2_hist_old
0.5,2015-03-01 16:08:39,None,3_2_stairs,2_hist_old,2_hist_new,0.2,2_hist_old
0.6,2015-03-01 16:08:40,None,3_2_stairs,2_hist_old,3_2_stairs,0.2,2_hist_old
0.6,2015-03-01 16:08:41,None,3_2_stairs,2_hist_old,3_2_stairs,0.2,2_hist_old
0.7,2015-03-01 16:08:42,None,3_2_stairs,2_hist_old,3_2_stairs,0.7,2_hist_old
0.6,2015-03-01 16:08:43,None,3_2_stairs,2_hist_old,3_2_stairs,0.2,2_hist_old
1.0,2015-03-01 16:08:44,None,2_hist_old,2_hist_old,2_hist_old,1.0,2_hist_old
0.9,2015-03-01 16:08:45,None,2_hist_old,2_hist_old,2_hist_old,0.9,2_hist_old
1.0,2015-03-01 16:08:46,None,2_hist_old,2_hist_old,2_hist_old,1.0,2_hist_old
1.0,2015-03-01 16:08:47,None,2_hist_old,2_hist_old,2_hist_old,1.0,2_hist_old
0.5,2015-03-01 16:08:48,None,2_lobby,2_hist_old,2_hist_old,0.2,2_hist_old
0.5,2015-03-01 16:08:49,None,3_2_stairs,2_hist_old,2_hist_old,0.2,2_hist_old
0.4,2015-03-01 16:08:50,None,3_2_stairs,2_hist_new,2_hist_old,0.2,2_hist_old
0.7,2015-03-01 16:08:51,None,3_2_stairs,3_2_stairs,3_2_stairs,0.7,2_hist_old
0.4,2015-03-01 16:08:52,None,3_2_stairs,3_2_stairs,3_2_stairs,0.2,2_hist_old
0.7,2015-03-01 16:08:53,None,3_2_stairs,3_2_stairs,3_2_stairs,0.7,2_hist_old
0.7,2015-03-01 16:08:54,None,3_2_stairs,3_2_stairs,3_2_stairs,0.7,2_hist_old
0.5,2015-03-01 16:08:55,None,2_hist_old,3_2_stairs,3_2_stairs,0.2,2_hist_old
0.5,2015-03-01 16:08:56,None,2_hist_old,3_2_stairs,3_2_stairs,0.2,2_hist_old
0.5,2015-03-01 16:08:57,None,2_hist_old,3_2_stairs,3_2_stairs,0.2,2_hist_old
0.5,2015-03-01 16:08:58,None,3_2_stairs,3_2_stairs,3_2_stairs,0.2,2_hist_old
0.5,2015-03-01 16:08:59,None,3_2_stairs,3_2_stairs,3_2_stairs,0.2,2_hist_old
0.5,2015-03-01 16:09:00,None,2_lobby,3_2_stairs,3_2_stairs,0.2,2_hist_old
0.5,2015-03-01 16:09:01,None,2_hist_old,3_2_stairs,3_2_stairs,0.2,2_hist_old
0.5,2015-03-01 16:09:02,None,2_hist_old,3_2_stairs,3_2_stairs,0.2,2_hist_old
0.5,2015-03-01 16:09:03,None,2_hist_old,3_2_stairs,3_2_stairs,0.2,2_hist_old
0.6,2015-03-01 16:09:04,None,2_hist_old,2_gal_north,2_hist_old,0.2,2_hist_old
0.6,2015-03-01 16:09:05,None,2_hist_old,3_2_stairs,2_hist_old,0.2,2_hist_old
1.0,2015-03-01 16:09:06,None,3_2_stairs,3_2_stairs,3_2_stairs,1.0,2_hist_old
0.6,2015-03-01 16:09:07,None,3_2_stairs,3_2_stairs,3_2_stairs,0.2,2_hist_old
0.5,2015-03-01 16:09:08,None,3_2_stairs,3_2_stairs,3_2_stairs,0.2,2_hist_old
0.6,2015-03-01 16:09:09,None,3_2_stairs,3_2_stairs,3_2_stairs,0.2,2_hist_old
0.8,2015-03-01 16:09:10,None,2_hist_old,3_2_stairs,2_hist_old,0.8,2_hist_old
0.9,2015-03-01 16:09:11,None,2_hist_new,3_2_stairs,2_hist_new,0.9,2_hist_old
0.8,2015-03-01 16:09:12,None,2_hist_old,3_2_stairs,2_hist_old,0.8,2_hist_old
0.6,2015-03-01 16:09:13,None,3_2_stairs,3_2_stairs,3_2_stairs,0.2,2_hist_old
0.8,2015-03-01 16:09:14,None,3_2_stairs,2_1_stairs,3_2_stairs,0.8,2_hist_old
0.7,2015-03-01 16:09:15,None,3_2_stairs,2_1_stairs,3_2_stairs,0.7,2_hist_old
0.8,2015-03-01 16:09:16,None,3_2_stairs,2_1_stairs,3_2_stairs,0.8,2_hist_old
0.6,2015-03-01 16:09:17,None,3_2_stairs,2_1_stairs,3_2_stairs,0.2,2_hist_old
0.6,2015-03-01 16:09:18,None,3_2_stairs,2_1_stairs,3_2_stairs,0.2,2_hist_old
0.6,2015-03-01 16:09:19,None,3_2_stairs,2_1_stairs,3_2_stairs,0.2,2_hist_old
1.0,2015-03-01 16:09:20,None,2_hist_old,2_1_stairs,2_hist_old,1.0,2_hist_old
1.0,2015-03-01 16:09:21,None,2_hist_old,2_1_stairs,2_hist_old,1.0,2_hist_old
1.0,2015-03-01 16:09:22,None,2_hist_old,2_1_stairs,2_hist_old,1.0,2_hist_old
1.0,2015-03-01 16:09:23,None,2_hist_old,2_1_stairs,2_hist_old,1.0,2_hist_old
1.0,2015-03-01 16:09:24,None,2_hist_old,2_1_stairs,2_hist_old,1.0,2_hist_old
1.0,2015-03-01 16:09:25,None,2_hist_old,1_class_lezin,2_hist_old,1.0,2_hist_old
1.0,2015-03-01 16:09:26,None,2_hist_old,1_class_lezin,2_hist_old,1.0,2_hist_old
1.0,2015-03-01 16:09:27,None,2_hist_old,1_lobby_aud,2_hist_old,1.0,2_hist_old
1.0,2015-03-01 16:09:28,None,2_hist_old,1_class_lezin,2_hist_old,1.0,2_hist_old
1.0,2015-03-01 16:09:29,None,2_hist_old,1_class_lezin,2_hist_old,1.0,2_hist_old
1.0,2015-03-01 16:09:30,None,2_hist_old,1_class_lezin,2_hist_old,1.0,2_hist_old
1.0,2015-03-01 16:09:31,None,2_hist_old,1_class_lezin,2_hist_old,1.0,2_hist_old
1.0,2015-03-01 16:09:32,None,2_hist_old,1_class_lezin,2_hist_old,1.0,2_hist_old
1.0,2015-03-01 16:09:33,None,2_hist_old,1_class_lezin,2_hist_old,1.0,2_hist_old
1.0,2015-03-01 16:09:34,None,2_hist_old,1_class_lezin,2_hist_old,1.0,2_hist_old
1.0,2015-03-01 16:09:35,None,2_hist_old,1_class_lezin,2_hist_old,1.0,2_hist_old
1.0,2015-03-01 16:09:36,None,2_hist_old,1_class_lezin,2_hist_old,1.0,2_hist_old
0.8,2015-03-01 16:09:37,None,2_hist_old,1_class_lezin,2_hist_old,0.8,2_hist_old
1.0,2015-03-01 16:09:38,None,2_hist_old,1_class_lezin,2_hist_old,1.0,2_hist_old
0.8,2015-03-01 16:09:39,None,2_hist_old,1_class_lezin,2_hist_old,0.8,2_hist_old
0.7,2015-03-01 16:09:40,None,2_hist_new,1_class_lezin,2_hist_new,0.7,2_lobby
0.7,2015-03-01 16:09:41,None,3_2_stairs,1_class_lezin,3_2_stairs,0.7,3_2_stairs
0.5,2015-03-01 16:09:42,None,3_2_stairs,1_class_lezin,3_2_stairs,0.2,3_2_stairs
0.6,2015-03-01 16:09:43,None,3_2_stairs,1_class_lezin,3_2_stairs,0.2,3_2_stairs
0.7,2015-03-01 16:09:44,None,3_2_stairs,1_class_lezin,3_2_stairs,0.7,3_2_stairs
0.6,2015-03-01 16:09:45,None,3_2_stairs,1_class_lezin,3_2_stairs,0.2,3_2_stairs
0.8,2015-03-01 16:09:46,None,3_2_stairs,1_class_lezin,3_2_stairs,0.8,3_2_stairs
0.6,2015-03-01 16:09:47,None,3_2_stairs,1_class_lezin,3_2_stairs,0.2,3_2_stairs
0.7,2015-03-01 16:09:48,None,3_2_stairs,1_class_lezin,3_2_stairs,0.7,3_2_stairs
0.8,2015-03-01 16:09:49,None,3_2_stairs,1_class_lezin,3_2_stairs,0.8,3_2_stairs
0.7,2015-03-01 16:09:50,None,3_2_stairs,1_class_lezin,3_2_stairs,0.7,3_2_stairs
0.8,2015-03-01 16:09:51,None,3_2_stairs,1_class_lezin,3_2_stairs,0.8,3_2_stairs
0.8,2015-03-01 16:09:52,None,3_2_stairs,1_class_lezin,3_2_stairs,0.8,3_2_stairs
0.6,2015-03-01 16:09:53,None,3_2_stairs,1_class_lezin,3_2_stairs,0.2,3_2_stairs
0.6,2015-03-01 16:09:54,None,2_gal_north,1_class_lezin,2_gal_north,0.2,3_2_stairs
0.8,2015-03-01 16:09:55,None,3_2_stairs,1_class_lezin,3_2_stairs,0.8,3_2_stairs
0.8,2015-03-01 16:09:56,None,3_2_stairs,1_class_lezin,3_2_stairs,0.8,3_2_stairs
0.8,2015-03-01 16:09:57,None,3_2_stairs,1_class_lezin,3_2_stairs,0.8,3_2_stairs
0.9,2015-03-01 16:09:58,None,3_2_stairs,1_class_lezin,3_2_stairs,0.9,3_2_stairs
0.9,2015-03-01 16:09:59,None,3_2_stairs,1_class_lezin,3_2_stairs,0.9,3_2_stairs
0.9,2015-03-01 16:10:00,None,3_2_stairs,1_class_lezin,3_2_stairs,0.9,3_2_stairs
0.8,2015-03-01 16:10:01,None,3_2_stairs,1_class_lezin,3_2_stairs,0.8,3_2_stairs
0.8,2015-03-01 16:10:02,None,3_2_stairs,1_class_lezin,3_2_stairs,0.8,3_2_stairs
0.8,2015-03-01 16:10:03,None,3_2_stairs,1_class_lezin,3_2_stairs,0.8,3_2_stairs
0.5,2015-03-01 16:10:04,None,2_1_stairs,1_class_lezin,3_2_stairs,0.2,2_1_stairs
0.5,2015-03-01 16:10:05,None,2_1_stairs,1_class_lezin,3_2_stairs,0.2,2_1_stairs
0.5,2015-03-01 16:10:06,None,2_1_stairs,1_class_lezin,3_2_stairs,0.2,2_1_stairs
0.5,2015-03-01 16:10:07,None,2_1_stairs,1_class_lezin,3_2_stairs,0.2,2_1_stairs
0.6,2015-03-01 16:10:08,None,2_1_stairs,1_class_lezin,2_1_stairs,0.2,2_1_stairs
0.6,2015-03-01 16:10:09,None,2_1_stairs,1_class_lezin,2_1_stairs,0.2,2_1_stairs
0.5,2015-03-01 16:10:10,None,2_1_stairs,1_class_lezin,2_1_stairs,0.2,2_1_stairs
0.6,2015-03-01 16:10:11,None,2_1_stairs,1_class_lezin,2_1_stairs,0.2,2_1_stairs
0.6,2015-03-01 16:10:12,None,2_1_stairs,1_class_lezin,2_1_stairs,0.2,2_1_stairs
0.7,2015-03-01 16:10:13,None,2_1_stairs,1_class_lezin,2_1_stairs,0.7,2_1_stairs
0.7,2015-03-01 16:10:14,None,2_1_stairs,1_class_lezin,2_1_stairs,0.7,2_1_stairs
1.0,2015-03-01 16:10:15,None,1_class_lezin,1_class_lezin,1_class_lezin,1.0,2_1_stairs
1.0,2015-03-01 16:10:16,None,1_class_lezin,1_class_lezin,1_class_lezin,1.0,2_1_stairs
0.6,2015-03-01 16:10:17,None,1_lobby_aud,1_class_lezin,1_lobby_aud,0.2,1_lobby_aud
1.0,2015-03-01 16:10:18,None,1_class_lezin,1_class_lezin,1_class_lezin,1.0,1_class_lezin
1.0,2015-03-01 16:10:19,None,1_class_lezin,1_class_lezin,1_class_lezin,1.0,1_class_lezin
0.8,2015-03-01 16:10:20,None,1_class_lezin,1_class_lezin,1_class_lezin,0.8,1_class_lezin
0.8,2015-03-01 16:10:21,None,1_class_lezin,1_class_lezin,1_class_lezin,0.8,1_class_lezin
1.0,2015-03-01 16:10:22,None,1_class_lezin,1_class_lezin,1_class_lezin,1.0,1_class_lezin
0.8,2015-03-01 16:10:23,None,1_class_lezin,1_class_lezin,1_class_lezin,0.8,1_class_lezin
1.0,2015-03-01 16:10:24,None,1_class_lezin,1_class_lezin,1_class_lezin,1.0,1_class_lezin
1.0,2015-03-01 16:10:25,None,1_class_lezin,1_class_lezin,1_class_lezin,1.0,1_class_lezin
1.0,2015-03-01 16:10:26,None,1_class_lezin,2_gal_south,1_class_lezin,1.0,1_class_lezin
1.0,2015-03-01 16:10:27,None,1_class_lezin,1_class_lezin,1_class_lezin,1.0,1_class_lezin
1.0,2015-03-01 16:10:28,None,1_class_lezin,1_class_lezin,1_class_lezin,1.0,1_class_lezin
1.0,2015-03-01 16:10:29,None,1_class_lezin,1_class_lezin,1_class_lezin,1.0,1_class_lezin
0.8,2015-03-01 16:10:30,None,1_class_lezin,2_gal_south,1_class_lezin,0.8,1_class_lezin
0.8,2015-03-01 16:10:31,None,1_class_lezin,2_gal_south,1_class_lezin,0.8,1_class_lezin
0.9,2015-03-01 16:10:32,None,1_class_lezin,2_gal_south,1_class_lezin,0.9,1_class_lezin
0.9,2015-03-01 16:10:33,None,1_class_lezin,2_gal_south,1_class_lezin,0.9,1_class_lezin
0.9,2015-03-01 16:10:34,None,1_class_lezin,1_class_lezin,1_class_lezin,0.9,1_class_lezin
1.0,2015-03-01 16:10:35,None,1_class_lezin,1_class_lezin,1_class_lezin,1.0,1_class_lezin
1.0,2015-03-01 16:10:36,None,1_class_lezin,1_class_lezin,1_class_lezin,1.0,1_class_lezin
1.0,2015-03-01 16:10:37,None,1_class_lezin,1_class_lezin,1_class_lezin,1.0,1_class_lezin
0.9,2015-03-01 16:10:38,None,1_class_lezin,1_class_lezin,1_class_lezin,0.9,1_class_lezin
1.0,2015-03-01 16:10:39,None,1_class_lezin,1_class_lezin,1_class_lezin,1.0,1_class_lezin
1.0,2015-03-01 16:10:40,None,1_class_lezin,1_class_lezin,1_class_lezin,1.0,1_class_lezin
1.0,2015-03-01 16:10:41,None,1_class_lezin,1_class_lezin,1_class_lezin,1.0,1_class_lezin
1.0,2015-03-01 16:10:42,None,1_class_lezin,1_class_lezin,1_class_lezin,1.0,1_class_lezin
1.0,2015-03-01 16:10:43,None,1_class_lezin,1_class_lezin,1_class_lezin,1.0,1_class_lezin
1.0,2015-03-01 16:10:44,None,1_class_lezin,1_class_lezin,1_class_lezin,1.0,1_class_lezin
1.0,2015-03-01 16:10:45,None,1_class_lezin,1_class_lezin,1_class_lezin,1.0,1_class_lezin
1.0,2015-03-01 16:10:46,None,1_class_lezin,1_class_lezin,1_class_lezin,1.0,1_class_lezin
1.0,2015-03-01 16:10:47,None,1_class_lezin,1_class_lezin,1_class_lezin,1.0,1_class_lezin
1.0,2015-03-01 16:10:48,None,1_class_lezin,1_class_lezin,1_class_lezin,1.0,1_class_lezin
1.0,2015-03-01 16:10:49,None,1_class_lezin,1_class_lezin,1_class_lezin,1.0,1_class_lezin
0.9,2015-03-01 16:10:50,None,1_class_lezin,1_class_lezin,1_class_lezin,0.9,1_class_lezin
0.9,2015-03-01 16:10:51,None,1_class_lezin,1_class_lezin,1_class_lezin,0.9,1_class_lezin
0.9,2015-03-01 16:10:52,None,1_class_lezin,1_class_lezin,1_class_lezin,0.9,1_class_lezin
0.9,2015-03-01 16:10:53,None,1_class_lezin,1_class_lezin,1_class_lezin,0.9,1_class_lezin
0.9,2015-03-01 16:10:54,None,1_class_lezin,1_class_lezin,1_class_lezin,0.9,1_class_lezin
1.0,2015-03-01 16:10:55,None,1_class_lezin,1_class_lezin,1_class_lezin,1.0,1_class_lezin
1.0,2015-03-01 16:10:56,None,1_class_lezin,1_class_lezin,1_class_lezin,1.0,1_class_lezin
1.0,2015-03-01 16:10:57,None,1_class_lezin,1_class_lezin,1_class_lezin,1.0,1_class_lezin
1.0,2015-03-01 16:10:58,None,1_class_lezin,1_class_lezin,1_class_lezin,1.0,1_class_lezin
1.0,2015-03-01 16:10:59,None,1_class_lezin,1_class_lezin,1_class_lezin,1.0,1_class_lezin
0.9,2015-03-01 16:11:00,None,1_class_lezin,1_class_lezin,1_class_lezin,0.9,1_class_lezin
0.9,2015-03-01 16:11:01,None,1_class_lezin,1_class_lezin,1_class_lezin,0.9,1_class_lezin
1.0,2015-03-01 16:11:02,None,1_class_lezin,1_class_lezin,1_class_lezin,1.0,1_class_lezin
1.0,2015-03-01 16:11:03,None,1_class_lezin,1_class_lezin,1_class_lezin,1.0,1_class_lezin
1.0,2015-03-01 16:11:04,None,1_class_lezin,1_class_lezin,1_class_lezin,1.0,1_class_lezin
1.0,2015-03-01 16:11:05,None,1_class_lezin,1_class_lezin,1_class_lezin,1.0,1_class_lezin
0.9,2015-03-01 16:11:06,None,1_class_lezin,1_class_lezin,1_class_lezin,0.9,1_class_lezin
0.9,2015-03-01 16:11:07,None,1_class_lezin,1_class_lezin,1_class_lezin,0.9,1_class_lezin
1.0,2015-03-01 16:11:08,None,1_class_lezin,1_class_lezin,1_class_lezin,1.0,1_class_lezin
1.0,2015-03-01 16:11:09,None,1_class_lezin,1_class_lezin,1_class_lezin,1.0,1_class_lezin
1.0,2015-03-01 16:11:10,None,1_class_lezin,1_class_lezin,1_class_lezin,1.0,1_class_lezin
0.9,2015-03-01 16:11:11,None,1_class_lezin,1_class_lezin,1_class_lezin,0.9,1_class_lezin
1.0,2015-03-01 16:11:12,None,1_class_lezin,1_class_lezin,1_class_lezin,1.0,1_class_lezin
1.0,2015-03-01 16:11:13,None,1_class_lezin,1_class_lezin,1_class_lezin,1.0,1_class_lezin
1.0,2015-03-01 16:11:14,None,1_class_lezin,1_class_lezin,1_class_lezin,1.0,1_class_lezin
0.6,2015-03-01 16:11:15,None,1_class_lezin,1_class_lezin,1_class_lezin,0.2,1_class_lezin
0.7,2015-03-01 16:11:16,None,2_gal_south,3_2_stairs,2_gal_south,0.7,1_class_lezin
0.9,2015-03-01 16:11:17,None,1_class_lezin,3_2_stairs,1_class_lezin,0.9,1_class_lezin
0.8,2015-03-01 16:11:18,None,1_class_lezin,3_2_stairs,1_class_lezin,0.8,1_class_lezin
0.8,2015-03-01 16:11:19,None,1_class_lezin,3_2_stairs,1_class_lezin,0.8,1_class_lezin
0.5,2015-03-01 16:11:20,None,2_gal_south,3_2_stairs,1_class_lezin,0.2,1_class_lezin
0.6,2015-03-01 16:11:21,None,2_gal_south,3_2_stairs,2_gal_south,0.2,1_class_lezin
0.6,2015-03-01 16:11:22,None,2_gal_south,3_2_stairs,2_gal_south,0.2,1_class_lezin
0.7,2015-03-01 16:11:23,None,2_gal_south,3_2_stairs,2_gal_south,0.7,1_class_lezin
0.7,2015-03-01 16:11:24,None,1_class_lezin,2_1_stairs,1_class_lezin,0.7,1_class_lezin
0.8,2015-03-01 16:11:25,None,1_class_lezin,2_1_stairs,1_class_lezin,0.8,1_class_lezin
0.5,2015-03-01 16:11:26,None,1_class_lezin,3_2_stairs,1_class_lezin,0.2,1_class_lezin
0.5,2015-03-01 16:11:27,None,1_class_lezin,3_2_stairs,1_class_lezin,0.2,1_class_lezin
1.0,2015-03-01 16:11:28,None,1_class_lezin,3_2_stairs,1_class_lezin,1.0,1_class_lezin
0.8,2015-03-01 16:11:29,None,1_class_lezin,3_2_stairs,1_class_lezin,0.8,1_class_lezin
1.0,2015-03-01 16:11:30,None,1_class_lezin,3_2_stairs,1_class_lezin,1.0,1_class_lezin
0.8,2015-03-01 16:11:31,None,1_class_lezin,3_2_stairs,1_class_lezin,0.8,1_class_lezin
0.8,2015-03-01 16:11:32,None,1_class_lezin,3_2_stairs,1_class_lezin,0.8,1_class_lezin
0.8,2015-03-01 16:11:33,None,1_class_lezin,3_2_stairs,1_class_lezin,0.8,1_class_lezin
0.8,2015-03-01 16:11:34,None,1_class_lezin,3_2_stairs,1_class_lezin,0.8,1_class_lezin
0.8,2015-03-01 16:11:35,None,1_class_lezin,2_1_stairs,1_class_lezin,0.8,1_class_lezin
0.8,2015-03-01 16:11:36,None,1_class_lezin,3_2_stairs,1_class_lezin,0.8,1_class_lezin
0.8,2015-03-01 16:11:37,None,1_class_lezin,2_1_stairs,1_class_lezin,0.8,1_class_lezin
1.0,2015-03-01 16:11:38,None,1_class_lezin,3_2_stairs,1_class_lezin,1.0,1_class_lezin
0.8,2015-03-01 16:11:39,None,1_class_lezin,3_2_stairs,1_class_lezin,0.8,1_class_lezin
0.8,2015-03-01 16:11:40,None,1_class_lezin,2_1_stairs,1_class_lezin,0.8,1_class_lezin
0.8,2015-03-01 16:11:41,None,1_class_lezin,2_gal_south,1_class_lezin,0.8,1_class_lezin
0.8,2015-03-01 16:11:42,None,1_class_lezin,2_gal_south,1_class_lezin,0.8,1_class_lezin
0.8,2015-03-01 16:11:43,None,1_class_lezin,2_gal_south,1_class_lezin,0.8,1_class_lezin
0.8,2015-03-01 16:11:44,None,1_class_lezin,2_gal_south,1_class_lezin,0.8,1_class_lezin
0.8,2015-03-01 16:11:45,None,1_class_lezin,2_gal_south,1_class_lezin,0.8,1_class_lezin
0.8,2015-03-01 16:11:46,None,1_class_lezin,2_gal_south,1_class_lezin,0.8,1_class_lezin
1.0,2015-03-01 16:11:47,None,1_class_lezin,2_gal_south,1_class_lezin,1.0,1_class_lezin
0.8,2015-03-01 16:11:48,None,1_class_lezin,2_gal_north,1_class_lezin,0.8,1_class_lezin
1.0,2015-03-01 16:11:49,None,1_class_lezin,2_gal_north,1_class_lezin,1.0,1_class_lezin
1.0,2015-03-01 16:11:50,None,1_class_lezin,2_gal_north,1_class_lezin,1.0,1_class_lezin
1.0,2015-03-01 16:11:51,None,1_class_lezin,2_gal_south,1_class_lezin,1.0,1_class_lezin
1.0,2015-03-01 16:11:52,None,1_class_lezin,2_gal_north,1_class_lezin,1.0,1_class_lezin
1.0,2015-03-01 16:11:53,None,1_class_lezin,2_gal_north,1_class_lezin,1.0,1_class_lezin
1.0,2015-03-01 16:11:54,None,1_class_lezin,2_gal_south,1_class_lezin,1.0,1_class_lezin
1.0,2015-03-01 16:11:55,None,1_class_lezin,3_2_stairs,1_class_lezin,1.0,1_class_lezin
0.9,2015-03-01 16:11:56,None,1_class_lezin,2_gal_south,1_class_lezin,0.9,1_class_lezin
1.0,2015-03-01 16:11:57,None,1_class_lezin,2_gal_south,1_class_lezin,1.0,1_class_lezin
1.0,2015-03-01 16:11:58,None,1_class_lezin,2_gal_north,1_class_lezin,1.0,1_class_lezin
1.0,2015-03-01 16:11:59,None,1_class_lezin,2_gal_north,1_class_lezin,1.0,1_class_lezin
1.0,2015-03-01 16:12:00,None,1_class_lezin,3_2_stairs,1_class_lezin,1.0,1_class_lezin
0.9,2015-03-01 16:12:02,None,1_class_lezin,3_2_stairs,1_class_lezin,0.9,1_class_lezin
1.0,2015-03-01 16:12:03,None,1_class_lezin,3_2_stairs,1_class_lezin,1.0,1_class_lezin
1.0,2015-03-01 16:12:03,None,1_class_lezin,3_2_stairs,1_class_lezin,1.0,1_class_lezin
1.0,2015-03-01 16:12:04,None,1_class_lezin,3_2_stairs,1_class_lezin,1.0,1_lobby_aud
1.0,2015-03-01 16:12:06,None,1_class_lezin,3_2_stairs,1_class_lezin,1.0,1_entrance
